name,chineseName,englishName,pinyinName,sku,description,category,unit,requiresPrescription,basePrice,metadata,status
"罗汉果","罗汉果","罗汉guo","罗汉guo","TCM-GU-001","化痰止咳，适用于痰湿咳嗽","化痰止咳平喘药","克",true,0.00085,"{""""expandedBy"""":""""AI"""",""""expandedAt"""":""""2025-06-12T08:58:12.821Z"""",""""originalData"""":{""""chineseName"""":""""罗汉果"""",""""pricePerGram"""":0.00085}}","active"
"玄明粉","玄明粉","玄ming","玄ming","TCM-MI-002","玄明粉，中药材","攻下药","克",true,0.008,"{""""expandedBy"""":""""AI"""",""""expandedAt"""":""""2025-06-12T08:58:12.821Z"""",""""originalData"""":{""""chineseName"""":""""玄明粉"""",""""pricePerGram"""":0.008}}","active"
"鸭脚皮","鸭脚皮","Ya脚pi","ya脚pi","TCM-YA-003","外用治疗，根据具体情况使用","外用药","克",true,0.008,"{""""expandedBy"""":""""AI"""",""""expandedAt"""":""""2025-06-12T08:58:12.821Z"""",""""originalData"""":{""""chineseName"""":""""鸭脚皮"""",""""pricePerGram"""":0.008}}","active"
"南姜","南姜","Nanjiang","nanjiang","TCM-NA-004","南姜，中药材","温里药","克",true,0.008,"{""""expandedBy"""":""""AI"""",""""expandedAt"""":""""2025-06-12T08:58:12.821Z"""",""""originalData"""":{""""chineseName"""":""""南姜"""",""""pricePerGram"""":0.008}}","active"
"两面针","两面针","两面针","两面针","TCM-KO-005","祛风除湿，适用于风湿痹痛","祛风湿药","克",true,0.0085,"{""""expandedBy"""":""""AI"""",""""expandedAt"""":""""2025-06-12T08:58:12.821Z"""",""""originalData"""":{""""chineseName"""":""""两面针"""",""""pricePerGram"""":0.0085}}","active"
"田基王","田基王","田基王","田基王","TCM-WG-006","清热解毒，适用于热毒证","清热解毒药","克",true,0.0085,"{""""expandedBy"""":""""AI"""",""""expandedAt"""":""""2025-06-12T08:58:12.822Z"""",""""originalData"""":{""""chineseName"""":""""田基王"""",""""pricePerGram"""":0.0085}}","active"
"蛤壳","蛤壳","蛤壳","蛤壳","TCM-EV-007","化痰止咳，适用于痰湿咳嗽","化痰止咳平喘药","克",true,0.009,"{""""expandedBy"""":""""AI"""",""""expandedAt"""":""""2025-06-12T08:58:12.822Z"""",""""originalData"""":{""""chineseName"""":""""蛤壳"""",""""pricePerGram"""":0.009}}","active"
"自然铜","自然铜","自然tong","自然tong","TCM-TO-008","自然铜，中药材","其他中药","克",true,0.009,"{""""expandedBy"""":""""AI"""",""""expandedAt"""":""""2025-06-12T08:58:12.822Z"""",""""originalData"""":{""""chineseName"""":""""自然铜"""",""""pricePerGram"""":0.009}}","active"
"白矾","白矾","Baifan","baifan","TCM-BA-009","白矾，中药材","其他中药","克",true,0.01,"{""""expandedBy"""":""""AI"""",""""expandedAt"""":""""2025-06-12T08:58:12.822Z"""",""""originalData"""":{""""chineseName"""":""""白矾"""",""""pricePerGram"""":0.01}}","active"
"凤尾草","凤尾草","Feng尾cao","feng尾cao","TCM-FE-010","清热解毒，适用于热毒证","清热解毒药","克",true,0.01,"{""""expandedBy"""":""""AI"""",""""expandedAt"""":""""2025-06-12T08:58:12.822Z"""",""""originalData"""":{""""chineseName"""":""""凤尾草"""",""""pricePerGram"""":0.01}}","active"
"茯苓皮","茯苓皮","Fulingpi","fulingpi","TCM-FU-011","利水消肿，适用于水湿停滞","利水渗湿药","克",true,0.01,"{""""expandedBy"""":""""AI"""",""""expandedAt"""":""""2025-06-12T08:58:12.822Z"""",""""originalData"""":{""""chineseName"""":""""茯苓皮"""",""""pricePerGram"""":0.01}}","active"
"海浮石","海浮石","Hai浮shi","hai浮shi","TCM-HA-012","化痰止咳，适用于痰湿咳嗽","化痰止咳平喘药","克",true,0.01,"{""""expandedBy"""":""""AI"""",""""expandedAt"""":""""2025-06-12T08:58:12.822Z"""",""""originalData"""":{""""chineseName"""":""""海浮石"""",""""pricePerGram"""":0.01}}","active"
"炉甘石","炉甘石","炉ganshi","炉ganshi","TCM-GA-013","外用治疗，根据具体情况使用","外用药","克",true,0.01,"{""""expandedBy"""":""""AI"""",""""expandedAt"""":""""2025-06-12T08:58:12.822Z"""",""""originalData"""":{""""chineseName"""":""""炉甘石"""",""""pricePerGram"""":0.01}}","active"
"络石藤","络石藤","络shiteng","络shiteng","TCM-SH-014","祛风除湿，适用于风湿痹痛","祛风湿药","克",true,0.01,"{""""expandedBy"""":""""AI"""",""""expandedAt"""":""""2025-06-12T08:58:12.822Z"""",""""originalData"""":{""""chineseName"""":""""络石藤"""",""""pricePerGram"""":0.01}}","active"
"瓦楞子","瓦楞子","瓦楞zi","瓦楞zi","TCM-ZI-015","化痰止咳，适用于痰湿咳嗽","化痰止咳平喘药","克",true,0.01,"{""""expandedBy"""":""""AI"""",""""expandedAt"""":""""2025-06-12T08:58:12.822Z"""",""""originalData"""":{""""chineseName"""":""""瓦楞子"""",""""pricePerGram"""":0.01}}","active"
"珍珠母","珍珠母","Mother of pearl","zhenzhumu","TCM-ZH-016","平肝息风，适用于肝阳上亢","平肝息风药","克",true,0.01,"{""""expandedBy"""":""""AI"""",""""expandedAt"""":""""2025-06-12T08:58:12.822Z"""",""""originalData"""":{""""chineseName"""":""""珍珠母"""",""""pricePerGram"""":0.01}}","active"
"萹蓄","萹蓄","Bianxu","bianxu","TCM-BI-017","萹蓄，中药材","其他中药","克",true,0.011,"{""""expandedBy"""":""""AI"""",""""expandedAt"""":""""2025-06-12T08:58:12.822Z"""",""""originalData"""":{""""chineseName"""":""""萹蓄"""",""""pricePerGram"""":0.011}}","active"
"蜜枣","蜜枣","枣","枣","TCM-IL-018","补气健脾，适用于气虚证","补气药","克",true,0.011,"{""""expandedBy"""":""""AI"""",""""expandedAt"""":""""2025-06-12T08:58:12.822Z"""",""""originalData"""":{""""chineseName"""":""""蜜枣"""",""""pricePerGram"""":0.011}}","active"
"油松节","油松节","You松节","you松节","TCM-YO-019","祛风除湿，适用于风湿痹痛","祛风湿药","克",true,0.011,"{""""expandedBy"""":""""AI"""",""""expandedAt"""":""""2025-06-12T08:58:12.822Z"""",""""originalData"""":{""""chineseName"""":""""油松节"""",""""pricePerGram"""":0.011}}","active"
"雄黄","雄黄","Realgar","xionghuang","TCM-XI-020","外用治疗，根据具体情况使用","外用药","克",true,0.011,"{""""expandedBy"""":""""AI"""",""""expandedAt"""":""""2025-06-12T08:58:12.822Z"""",""""originalData"""":{""""chineseName"""":""""雄黄"""",""""pricePerGram"""":0.011}}","active"
"侧柏叶","侧柏叶","侧柏ye","侧柏ye","TCM-YE-021","收敛止血，适用于各种出血证","止血药","克",true,0.012,"{""""expandedBy"""":""""AI"""",""""expandedAt"""":""""2025-06-12T08:58:12.822Z"""",""""originalData"""":{""""chineseName"""":""""侧柏叶"""",""""pricePerGram"""":0.012}}","active"
"赤石脂","赤石脂","Red halloysite","chishizhi","TCM-CH-022","赤石脂，中药材","收敛止血药","克",true,0.012,"{""""expandedBy"""":""""AI"""",""""expandedAt"""":""""2025-06-12T08:58:12.822Z"""",""""originalData"""":{""""chineseName"""":""""赤石脂"""",""""pricePerGram"""":0.012}}","active"
"磁石","磁石","磁shi","磁shi","TCM-SH-023","平肝息风，适用于肝阳上亢","平肝息风药","克",true,0.012,"{""""expandedBy"""":""""AI"""",""""expandedAt"""":""""2025-06-12T08:58:12.822Z"""",""""originalData"""":{""""chineseName"""":""""磁石"""",""""pricePerGram"""":0.012}}","active"
"赤小豆","赤小豆","赤dou","赤dou","TCM-DO-024","利水消肿，适用于水湿停滞","利水渗湿药","克",true,0.012,"{""""expandedBy"""":""""AI"""",""""expandedAt"""":""""2025-06-12T08:58:12.822Z"""",""""originalData"""":{""""chineseName"""":""""赤小豆"""",""""pricePerGram"""":0.012}}","active"
"倒扣草","倒扣草","倒扣cao","倒扣cao","TCM-CA-025","倒扣草，中药材","其他中药","克",true,0.012,"{""""expandedBy"""":""""AI"""",""""expandedAt"""":""""2025-06-12T08:58:12.822Z"""",""""originalData"""":{""""chineseName"""":""""倒扣草"""",""""pricePerGram"""":0.012}}","active"
"滑石粉","滑石粉","Huashi","huashi","TCM-HU-026","滑石粉，中药材","其他中药","克",true,0.012,"{""""expandedBy"""":""""AI"""",""""expandedAt"""":""""2025-06-12T08:58:12.822Z"""",""""originalData"""":{""""chineseName"""":""""滑石粉"""",""""pricePerGram"""":0.012}}","active"
"老鹳草","老鹳草","老鹳cao","老鹳cao","TCM-CA-027","老鹳草，中药材","其他中药","克",true,0.012,"{""""expandedBy"""":""""AI"""",""""expandedAt"""":""""2025-06-12T08:58:12.822Z"""",""""originalData"""":{""""chineseName"""":""""老鹳草"""",""""pricePerGram"""":0.012}}","active"
"栗壳","栗壳","栗壳","栗壳","TCM-XV-028","栗壳，中药材","其他中药","克",true,0.012,"{""""expandedBy"""":""""AI"""",""""expandedAt"""":""""2025-06-12T08:58:12.822Z"""",""""originalData"""":{""""chineseName"""":""""栗壳"""",""""pricePerGram"""":0.012}}","active"
"麦芽","麦芽","Malt","maiya","TCM-MA-029","麦芽，中药材","其他中药","克",true,0.012,"{""""expandedBy"""":""""AI"""",""""expandedAt"""":""""2025-06-12T08:58:12.822Z"""",""""originalData"""":{""""chineseName"""":""""麦芽"""",""""pricePerGram"""":0.012}}","active"
"炒麦芽","炒麦芽","Malt","maiya","TCM-MA-030","炒麦芽，中药材","其他中药","克",true,0.012,"{""""expandedBy"""":""""AI"""",""""expandedAt"""":""""2025-06-12T08:58:12.822Z"""",""""originalData"""":{""""chineseName"""":""""炒麦芽"""",""""pricePerGram"""":0.012}}","active"
"牡蛎","牡蛎","Oyster shell","muli","TCM-MU-031","牡蛎，中药材","其他中药","克",true,0.012,"{""""expandedBy"""":""""AI"""",""""expandedAt"""":""""2025-06-12T08:58:12.822Z"""",""""originalData"""":{""""chineseName"""":""""牡蛎"""",""""pricePerGram"""":0.012}}","active"
"青蒿","青蒿","Qinghao","qinghao","TCM-QI-032","青蒿，中药材","其他中药","克",true,0.012,"{""""expandedBy"""":""""AI"""",""""expandedAt"""":""""2025-06-12T08:58:12.822Z"""",""""originalData"""":{""""chineseName"""":""""青蒿"""",""""pricePerGram"""":0.012}}","active"
"忍冬藤","忍冬藤","忍dongteng","忍dongteng","TCM-DO-033","忍冬藤，中药材","其他中药","克",true,0.012,"{""""expandedBy"""":""""AI"""",""""expandedAt"""":""""2025-06-12T08:58:12.822Z"""",""""originalData"""":{""""chineseName"""":""""忍冬藤"""",""""pricePerGram"""":0.012}}","active"
"石膏","石膏","Gypsum","shigao","TCM-SH-034","石膏，中药材","其他中药","克",true,0.012,"{""""expandedBy"""":""""AI"""",""""expandedAt"""":""""2025-06-12T08:58:12.822Z"""",""""originalData"""":{""""chineseName"""":""""石膏"""",""""pricePerGram"""":0.012}}","active"
"银杏叶","银杏叶","Yin杏ye","yin杏ye","TCM-YI-035","银杏叶，中药材","其他中药","克",true,0.012,"{""""expandedBy"""":""""AI"""",""""expandedAt"""":""""2025-06-12T08:58:12.822Z"""",""""originalData"""":{""""chineseName"""":""""银杏叶"""",""""pricePerGram"""":0.012}}","active"
"泽兰","泽兰","泽兰","泽兰","TCM-DW-036","泽兰，中药材","其他中药","克",true,0.012,"{""""expandedBy"""":""""AI"""",""""expandedAt"""":""""2025-06-12T08:58:12.822Z"""",""""originalData"""":{""""chineseName"""":""""泽兰"""",""""pricePerGram"""":0.012}}","active"
"棕榈炭","棕榈炭","棕榈炭","棕榈炭","TCM-FC-037","棕榈炭，中药材","其他中药","克",true,0.012,"{""""expandedBy"""":""""AI"""",""""expandedAt"""":""""2025-06-12T08:58:12.822Z"""",""""originalData"""":{""""chineseName"""":""""棕榈炭"""",""""pricePerGram"""":0.012}}","active"
"谷芽","谷芽","谷ya","谷ya","TCM-YA-038","谷芽，中药材","其他中药","克",true,0.0125,"{""""expandedBy"""":""""AI"""",""""expandedAt"""":""""2025-06-12T08:58:12.822Z"""",""""originalData"""":{""""chineseName"""":""""谷芽"""",""""pricePerGram"""":0.0125}}","active"
"炒谷芽","炒谷芽","谷ya","谷ya","TCM-YA-039","炒谷芽，中药材","其他中药","克",true,0.0125,"{""""expandedBy"""":""""AI"""",""""expandedAt"""":""""2025-06-12T08:58:12.822Z"""",""""originalData"""":{""""chineseName"""":""""炒谷芽"""",""""pricePerGram"""":0.0125}}","active"
"败酱草","败酱草","Baijiangcao","baijiangcao","TCM-BA-040","败酱草，中药材","其他中药","克",true,0.013,"{""""expandedBy"""":""""AI"""",""""expandedAt"""":""""2025-06-12T08:58:12.822Z"""",""""originalData"""":{""""chineseName"""":""""败酱草"""",""""pricePerGram"""":0.013}}","active"
"路路通","路路通","路路通","路路通","TCM-NN-041","路路通，中药材","其他中药","克",true,0.013,"{""""expandedBy"""":""""AI"""",""""expandedAt"""":""""2025-06-12T08:58:12.822Z"""",""""originalData"""":{""""chineseName"""":""""路路通"""",""""pricePerGram"""":0.013}}","active"
"薏苡仁","薏苡仁","薏yiren","薏yiren","TCM-YI-042","薏苡仁，中药材","其他中药","克",true,0.01304,"{""""expandedBy"""":""""AI"""",""""expandedAt"""":""""2025-06-12T08:58:12.822Z"""",""""originalData"""":{""""chineseName"""":""""薏苡仁"""",""""pricePerGram"""":0.01304}}","active"
"小桑枝","小桑枝","桑zhi","桑zhi","TCM-ZH-043","小桑枝，中药材","其他中药","克",true,0.0135,"{""""expandedBy"""":""""AI"""",""""expandedAt"""":""""2025-06-12T08:58:12.822Z"""",""""originalData"""":{""""chineseName"""":""""小桑枝"""",""""pricePerGram"""":0.0135}}","active"
"炙枇杷叶","炙枇杷叶","Eriobotrya japonica","pipaye","TCM-PI-044","炙枇杷叶，中药材","其他中药","克",true,0.0135,"{""""expandedBy"""":""""AI"""",""""expandedAt"""":""""2025-06-12T08:58:12.822Z"""",""""originalData"""":{""""chineseName"""":""""炙枇杷叶"""",""""pricePerGram"""":0.0135}}","active"
"瞿麦","瞿麦","Qumai","qumai","TCM-QU-045","瞿麦，中药材","其他中药","克",true,0.0135,"{""""expandedBy"""":""""AI"""",""""expandedAt"""":""""2025-06-12T08:58:12.822Z"""",""""originalData"""":{""""chineseName"""":""""瞿麦"""",""""pricePerGram"""":0.0135}}","active"
"益母草","益母草","Leonurus japonicus","yimucao","TCM-YI-046","益母草，中药材","其他中药","克",true,0.0135,"{""""expandedBy"""":""""AI"""",""""expandedAt"""":""""2025-06-12T08:58:12.822Z"""",""""originalData"""":{""""chineseName"""":""""益母草"""",""""pricePerGram"""":0.0135}}","active"
"红枣","红枣","Hong枣","hong枣","TCM-HO-047","红枣，中药材","其他中药","克",true,0.01392,"{""""expandedBy"""":""""AI"""",""""expandedAt"""":""""2025-06-12T08:58:12.822Z"""",""""originalData"""":{""""chineseName"""":""""红枣"""",""""pricePerGram"""":0.01392}}","active"
"黑豆","黑豆","Heidou","heidou","TCM-HE-048","黑豆，中药材","其他中药","克",true,0.014,"{""""expandedBy"""":""""AI"""",""""expandedAt"""":""""2025-06-12T08:58:12.822Z"""",""""originalData"""":{""""chineseName"""":""""黑豆"""",""""pricePerGram"""":0.014}}","active"
"红藤","红藤","Hongteng","hongteng","TCM-HO-049","红藤，中药材","其他中药","克",true,0.014,"{""""expandedBy"""":""""AI"""",""""expandedAt"""":""""2025-06-12T08:58:12.822Z"""",""""originalData"""":{""""chineseName"""":""""红藤"""",""""pricePerGram"""":0.014}}","active"
"煅牡蛎","煅牡蛎","煅牡li","煅牡li","TCM-LI-050","煅牡蛎，中药材","其他中药","克",true,0.014,"{""""expandedBy"""":""""AI"""",""""expandedAt"""":""""2025-06-12T08:58:12.822Z"""",""""originalData"""":{""""chineseName"""":""""煅牡蛎"""",""""pricePerGram"""":0.014}}","active"
"鱼腥草","鱼腥草","鱼xingcao","鱼xingcao","TCM-XI-051","鱼腥草，中药材","其他中药","克",true,0.014,"{""""expandedBy"""":""""AI"""",""""expandedAt"""":""""2025-06-12T08:58:12.822Z"""",""""originalData"""":{""""chineseName"""":""""鱼腥草"""",""""pricePerGram"""":0.014}}","active"
"阳起石","阳起石","阳起shi","阳起shi","TCM-SH-052","阳起石，中药材","其他中药","克",true,0.014,"{""""expandedBy"""":""""AI"""",""""expandedAt"""":""""2025-06-12T08:58:12.823Z"""",""""originalData"""":{""""chineseName"""":""""阳起石"""",""""pricePerGram"""":0.014}}","active"
"车前草","车前草","车前cao","车前cao","TCM-CA-053","车前草，中药材","其他中药","克",true,0.0145,"{""""expandedBy"""":""""AI"""",""""expandedAt"""":""""2025-06-12T08:58:12.823Z"""",""""originalData"""":{""""chineseName"""":""""车前草"""",""""pricePerGram"""":0.0145}}","active"
"白头翁","白头翁","Bai头翁","bai头翁","TCM-BA-054","白头翁，中药材","其他中药","克",true,0.015,"{""""expandedBy"""":""""AI"""",""""expandedAt"""":""""2025-06-12T08:58:12.823Z"""",""""originalData"""":{""""chineseName"""":""""白头翁"""",""""pricePerGram"""":0.015}}","active"
"椿树皮","椿树皮","椿树pi","椿树pi","TCM-PI-055","椿树皮，中药材","其他中药","克",true,0.015,"{""""expandedBy"""":""""AI"""",""""expandedAt"""":""""2025-06-12T08:58:12.823Z"""",""""originalData"""":{""""chineseName"""":""""椿树皮"""",""""pricePerGram"""":0.015}}","active"
"大腹皮","大腹皮","腹pi","腹pi","TCM-PI-056","大腹皮，中药材","其他中药","克",true,0.015,"{""""expandedBy"""":""""AI"""",""""expandedAt"""":""""2025-06-12T08:58:12.823Z"""",""""originalData"""":{""""chineseName"""":""""大腹皮"""",""""pricePerGram"""":0.015}}","active"
"淡豆豉","淡豆豉","淡dou豉","淡dou豉","TCM-DO-057","淡豆豉，中药材","其他中药","克",true,0.015,"{""""expandedBy"""":""""AI"""",""""expandedAt"""":""""2025-06-12T08:58:12.823Z"""",""""originalData"""":{""""chineseName"""":""""淡豆豉"""",""""pricePerGram"""":0.015}}","active"
"海桐皮","海桐皮","Hai桐pi","hai桐pi","TCM-HA-058","海桐皮，中药材","其他中药","克",true,0.015,"{""""expandedBy"""":""""AI"""",""""expandedAt"""":""""2025-06-12T08:58:12.823Z"""",""""originalData"""":{""""chineseName"""":""""海桐皮"""",""""pricePerGram"""":0.015}}","active"
"荷叶","荷叶","荷ye","荷ye","TCM-YE-059","荷叶，中药材","其他中药","克",true,0.015,"{""""expandedBy"""":""""AI"""",""""expandedAt"""":""""2025-06-12T08:58:12.823Z"""",""""originalData"""":{""""chineseName"""":""""荷叶"""",""""pricePerGram"""":0.015}}","active"
"花生衣","花生衣","Hua生衣","hua生衣","TCM-HU-060","花生衣，中药材","其他中药","克",true,0.015,"{""""expandedBy"""":""""AI"""",""""expandedAt"""":""""2025-06-12T08:58:12.823Z"""",""""originalData"""":{""""chineseName"""":""""花生衣"""",""""pricePerGram"""":0.015}}","active"
"火炭母","火炭母","Huo炭mu","huo炭mu","TCM-HU-061","火炭母，中药材","其他中药","克",true,0.015,"{""""expandedBy"""":""""AI"""",""""expandedAt"""":""""2025-06-12T08:58:12.823Z"""",""""originalData"""":{""""chineseName"""":""""火炭母"""",""""pricePerGram"""":0.015}}","active"
"决明子","决明子","Juemingzi","juemingzi","TCM-JU-062","决明子，中药材","其他中药","克",true,0.015,"{""""expandedBy"""":""""AI"""",""""expandedAt"""":""""2025-06-12T08:58:12.823Z"""",""""originalData"""":{""""chineseName"""":""""决明子"""",""""pricePerGram"""":0.015}}","active"
"荔枝核","荔枝核","荔zhihe","荔zhihe","TCM-ZH-063","荔枝核，中药材","其他中药","克",true,0.015,"{""""expandedBy"""":""""AI"""",""""expandedAt"""":""""2025-06-12T08:58:12.823Z"""",""""originalData"""":{""""chineseName"""":""""荔枝核"""",""""pricePerGram"""":0.015}}","active"
"木棉花","木棉花","Mu棉hua","mu棉hua","TCM-MU-064","木棉花，中药材","其他中药","克",true,0.015,"{""""expandedBy"""":""""AI"""",""""expandedAt"""":""""2025-06-12T08:58:12.823Z"""",""""originalData"""":{""""chineseName"""":""""木棉花"""",""""pricePerGram"""":0.015}}","active"
"木贼","木贼","Mu贼","mu贼","TCM-MU-065","木贼，中药材","其他中药","克",true,0.015,"{""""expandedBy"""":""""AI"""",""""expandedAt"""":""""2025-06-12T08:58:12.823Z"""",""""originalData"""":{""""chineseName"""":""""木贼"""",""""pricePerGram"""":0.015}}","active"
"蜜枣+A112","蜜枣+A112","枣","枣","TCM-IL-066","蜜枣+A112，中药材","其他中药","克",true,0.015,"{""""expandedBy"""":""""AI"""",""""expandedAt"""":""""2025-06-12T08:58:12.823Z"""",""""originalData"""":{""""chineseName"""":""""蜜枣+A112"""",""""pricePerGram"""":0.015}}","active"
"枇杷叶","枇杷叶","Eriobotrya japonica","pipaye","TCM-PI-067","枇杷叶，中药材","其他中药","克",true,0.015,"{""""expandedBy"""":""""AI"""",""""expandedAt"""":""""2025-06-12T08:58:12.823Z"""",""""originalData"""":{""""chineseName"""":""""枇杷叶"""",""""pricePerGram"""":0.015}}","active"
"桑寄生","桑寄生","桑寄生","桑寄生","TCM-DO-068","桑寄生，中药材","其他中药","克",true,0.015,"{""""expandedBy"""":""""AI"""",""""expandedAt"""":""""2025-06-12T08:58:12.823Z"""",""""originalData"""":{""""chineseName"""":""""桑寄生"""",""""pricePerGram"""":0.015}}","active"
"石榴皮","石榴皮","Shi榴pi","shi榴pi","TCM-SH-069","石榴皮，中药材","其他中药","克",true,0.015,"{""""expandedBy"""":""""AI"""",""""expandedAt"""":""""2025-06-12T08:58:12.823Z"""",""""originalData"""":{""""chineseName"""":""""石榴皮"""",""""pricePerGram"""":0.015}}","active"
"石南藤","石南藤","Shinanteng","shinanteng","TCM-SH-070","石南藤，中药材","其他中药","克",true,0.015,"{""""expandedBy"""":""""AI"""",""""expandedAt"""":""""2025-06-12T08:58:12.823Z"""",""""originalData"""":{""""chineseName"""":""""石南藤"""",""""pricePerGram"""":0.015}}","active"
"溪黄草","溪黄草","溪huangcao","溪huangcao","TCM-HU-071","溪黄草，中药材","其他中药","克",true,0.015,"{""""expandedBy"""":""""AI"""",""""expandedAt"""":""""2025-06-12T08:58:12.823Z"""",""""originalData"""":{""""chineseName"""":""""溪黄草"""",""""pricePerGram"""":0.015}}","active"
"仙鹤草","仙鹤草","Agrimonia pilosa","xianhecao","TCM-XI-072","仙鹤草，中药材","其他中药","克",true,0.015,"{""""expandedBy"""":""""AI"""",""""expandedAt"""":""""2025-06-12T08:58:12.823Z"""",""""originalData"""":{""""chineseName"""":""""仙鹤草"""",""""pricePerGram"""":0.015}}","active"
"香薷","香薷","Xiangru","xiangru","TCM-XI-073","香薷，中药材","其他中药","克",true,0.015,"{""""expandedBy"""":""""AI"""",""""expandedAt"""":""""2025-06-12T08:58:12.823Z"""",""""originalData"""":{""""chineseName"""":""""香薷"""",""""pricePerGram"""":0.015}}","active"
"薏仁","薏仁","薏ren","薏ren","TCM-RE-074","薏仁，中药材","其他中药","克",true,0.015,"{""""expandedBy"""":""""AI"""",""""expandedAt"""":""""2025-06-12T08:58:12.823Z"""",""""originalData"""":{""""chineseName"""":""""薏仁"""",""""pricePerGram"""":0.015}}","active"
"赭石","赭石","赭shi","赭shi","TCM-SH-075","赭石，中药材","其他中药","克",true,0.015,"{""""expandedBy"""":""""AI"""",""""expandedAt"""":""""2025-06-12T08:58:12.823Z"""",""""originalData"""":{""""chineseName"""":""""赭石"""",""""pricePerGram"""":0.015}}","active"
"紫石英","紫石英","Zishi英","zishi英","TCM-ZI-076","紫石英，中药材","其他中药","克",true,0.015,"{""""expandedBy"""":""""AI"""",""""expandedAt"""":""""2025-06-12T08:58:12.823Z"""",""""originalData"""":{""""chineseName"""":""""紫石英"""",""""pricePerGram"""":0.015}}","active"
"合欢皮","合欢皮","合欢pi","合欢pi","TCM-PI-077","合欢皮，中药材","其他中药","克",true,0.016,"{""""expandedBy"""":""""AI"""",""""expandedAt"""":""""2025-06-12T08:58:12.823Z"""",""""originalData"""":{""""chineseName"""":""""合欢皮"""",""""pricePerGram"""":0.016}}","active"
"菊苣","菊苣","菊ju","菊ju","TCM-JU-078","菊苣，中药材","其他中药","克",true,0.016,"{""""expandedBy"""":""""AI"""",""""expandedAt"""":""""2025-06-12T08:58:12.823Z"""",""""originalData"""":{""""chineseName"""":""""菊苣"""",""""pricePerGram"""":0.016}}","active"
"毛冬青","毛冬青","Maodongqing","maodongqing","TCM-MA-079","毛冬青，中药材","其他中药","克",true,0.016,"{""""expandedBy"""":""""AI"""",""""expandedAt"""":""""2025-06-12T08:58:12.823Z"""",""""originalData"""":{""""chineseName"""":""""毛冬青"""",""""pricePerGram"""":0.016}}","active"
"青果","青果","Qingguo","qingguo","TCM-QI-080","青果，中药材","其他中药","克",true,0.016,"{""""expandedBy"""":""""AI"""",""""expandedAt"""":""""2025-06-12T08:58:12.823Z"""",""""originalData"""":{""""chineseName"""":""""青果"""",""""pricePerGram"""":0.016}}","active"
"山楂叶","山楂叶","Shanzhaye","shanzhaye","TCM-SH-081","山楂叶，中药材","其他中药","克",true,0.016,"{""""expandedBy"""":""""AI"""",""""expandedAt"""":""""2025-06-12T08:58:12.823Z"""",""""originalData"""":{""""chineseName"""":""""山楂叶"""",""""pricePerGram"""":0.016}}","active"
"石决明","石决明","Haliotis diversicolor","shijueming","TCM-SH-082","石决明，中药材","其他中药","克",true,0.016,"{""""expandedBy"""":""""AI"""",""""expandedAt"""":""""2025-06-12T08:58:12.823Z"""",""""originalData"""":{""""chineseName"""":""""石决明"""",""""pricePerGram"""":0.016}}","active"
"红枣","红枣","Hong枣","hong枣","TCM-HO-083","红枣，中药材","其他中药","克",true,0.0165,"{""""expandedBy"""":""""AI"""",""""expandedAt"""":""""2025-06-12T08:58:12.823Z"""",""""originalData"""":{""""chineseName"""":""""红枣"""",""""pricePerGram"""":0.0165}}","active"
"首乌藤","首乌藤","Shouwuteng","shouwuteng","TCM-SH-084","首乌藤，中药材","其他中药","克",true,0.01696,"{""""expandedBy"""":""""AI"""",""""expandedAt"""":""""2025-06-12T08:58:12.823Z"""",""""originalData"""":{""""chineseName"""":""""首乌藤"""",""""pricePerGram"""":0.01696}}","active"
"艾叶","艾叶","艾ye","艾ye","TCM-YE-085","艾叶，中药材","其他中药","克",true,0.017,"{""""expandedBy"""":""""AI"""",""""expandedAt"""":""""2025-06-12T08:58:12.823Z"""",""""originalData"""":{""""chineseName"""":""""艾叶"""",""""pricePerGram"""":0.017}}","active"
"卷柏","卷柏","卷柏","卷柏","TCM-VD-086","卷柏，中药材","其他中药","克",true,0.017,"{""""expandedBy"""":""""AI"""",""""expandedAt"""":""""2025-06-12T08:58:12.823Z"""",""""originalData"""":{""""chineseName"""":""""卷柏"""",""""pricePerGram"""":0.017}}","active"
"胡芦巴","胡芦巴","胡luba","胡luba","TCM-LU-087","胡芦巴，中药材","其他中药","克",true,0.0174,"{""""expandedBy"""":""""AI"""",""""expandedAt"""":""""2025-06-12T08:58:12.823Z"""",""""originalData"""":{""""chineseName"""":""""胡芦巴"""",""""pricePerGram"""":0.0174}}","active"
"布渣叶","布渣叶","布zhaye","布zhaye","TCM-ZH-088","布渣叶，中药材","其他中药","克",true,0.018,"{""""expandedBy"""":""""AI"""",""""expandedAt"""":""""2025-06-12T08:58:12.823Z"""",""""originalData"""":{""""chineseName"""":""""布渣叶"""",""""pricePerGram"""":0.018}}","active"
"穿心莲","穿心莲","穿心lian","穿心lian","TCM-LI-089","穿心莲，中药材","其他中药","克",true,0.018,"{""""expandedBy"""":""""AI"""",""""expandedAt"""":""""2025-06-12T08:58:12.823Z"""",""""originalData"""":{""""chineseName"""":""""穿心莲"""",""""pricePerGram"""":0.018}}","active"
"大青叶","大青叶","Qingye","qingye","TCM-QI-090","大青叶，中药材","其他中药","克",true,0.018,"{""""expandedBy"""":""""AI"""",""""expandedAt"""":""""2025-06-12T08:58:12.823Z"""",""""originalData"""":{""""chineseName"""":""""大青叶"""",""""pricePerGram"""":0.018}}","active"
"岗梅根","岗梅根","岗梅gen","岗梅gen","TCM-GE-091","岗梅根，中药材","其他中药","克",true,0.018,"{""""expandedBy"""":""""AI"""",""""expandedAt"""":""""2025-06-12T08:58:12.823Z"""",""""originalData"""":{""""chineseName"""":""""岗梅根"""",""""pricePerGram"""":0.018}}","active"
"虎杖","虎杖","Hu杖","hu杖","TCM-HU-092","虎杖，中药材","其他中药","克",true,0.018,"{""""expandedBy"""":""""AI"""",""""expandedAt"""":""""2025-06-12T08:58:12.823Z"""",""""originalData"""":{""""chineseName"""":""""虎杖"""",""""pricePerGram"""":0.018}}","active"
"荆芥","荆芥","荆芥","荆芥","TCM-OJ-093","荆芥，中药材","其他中药","克",true,0.018,"{""""expandedBy"""":""""AI"""",""""expandedAt"""":""""2025-06-12T08:58:12.823Z"""",""""originalData"""":{""""chineseName"""":""""荆芥"""",""""pricePerGram"""":0.018}}","active"
"宽筋藤","宽筋藤","宽筋teng","宽筋teng","TCM-TE-094","宽筋藤，中药材","其他中药","克",true,0.018,"{""""expandedBy"""":""""AI"""",""""expandedAt"""":""""2025-06-12T08:58:12.823Z"""",""""originalData"""":{""""chineseName"""":""""宽筋藤"""",""""pricePerGram"""":0.018}}","active"
"秦皮","秦皮","秦pi","秦pi","TCM-PI-095","秦皮，中药材","其他中药","克",true,0.018,"{""""expandedBy"""":""""AI"""",""""expandedAt"""":""""2025-06-12T08:58:12.823Z"""",""""originalData"""":{""""chineseName"""":""""秦皮"""",""""pricePerGram"""":0.018}}","active"
"青皮丝","青皮丝","Qingpi","qingpi","TCM-QI-096","青皮丝，中药材","其他中药","克",true,0.018,"{""""expandedBy"""":""""AI"""",""""expandedAt"""":""""2025-06-12T08:58:12.824Z"""",""""originalData"""":{""""chineseName"""":""""青皮丝"""",""""pricePerGram"""":0.018}}","active"
"青风藤","青风藤","Qing风teng","qing风teng","TCM-QI-097","青风藤，中药材","其他中药","克",true,0.018,"{""""expandedBy"""":""""AI"""",""""expandedAt"""":""""2025-06-12T08:58:12.824Z"""",""""originalData"""":{""""chineseName"""":""""青风藤"""",""""pricePerGram"""":0.018}}","active"
"山楂","山楂","Crataegus pinnatifida","shanzha","TCM-SH-098","山楂，中药材","其他中药","克",true,0.018,"{""""expandedBy"""":""""AI"""",""""expandedAt"""":""""2025-06-12T08:58:12.824Z"""",""""originalData"""":{""""chineseName"""":""""山楂"""",""""pricePerGram"""":0.018}}","active"
"伸筋草","伸筋草","Lycopodium japonicum","shenjincao","TCM-SH-099","伸筋草，中药材","其他中药","克",true,0.018,"{""""expandedBy"""":""""AI"""",""""expandedAt"""":""""2025-06-12T08:58:12.824Z"""",""""originalData"""":{""""chineseName"""":""""伸筋草"""",""""pricePerGram"""":0.018}}","active"
"珍珠透骨草","珍珠透骨草","珍珠透骨cao","珍珠透骨cao","TCM-CA-100","珍珠透骨草，中药材","其他中药","克",true,0.018,"{""""expandedBy"""":""""AI"""",""""expandedAt"""":""""2025-06-12T08:58:12.824Z"""",""""originalData"""":{""""chineseName"""":""""珍珠透骨草"""",""""pricePerGram"""":0.018}}","active"
"王不留行子","王不留行子","王不留行zi","王不留行zi","TCM-ZI-101","王不留行子，中药材","其他中药","克",true,0.018,"{""""expandedBy"""":""""AI"""",""""expandedAt"""":""""2025-06-12T08:58:12.824Z"""",""""originalData"""":{""""chineseName"""":""""王不留行子"""",""""pricePerGram"""":0.018}}","active"
"番泻叶","番泻叶","番泻ye","番泻ye","TCM-YE-102","番泻叶，中药材","其他中药","克",true,0.018,"{""""expandedBy"""":""""AI"""",""""expandedAt"""":""""2025-06-12T08:58:12.824Z"""",""""originalData"""":{""""chineseName"""":""""番泻叶"""",""""pricePerGram"""":0.018}}","active"
"豨莶草","豨莶草","豨莶cao","豨莶cao","TCM-CA-103","豨莶草，中药材","其他中药","克",true,0.018,"{""""expandedBy"""":""""AI"""",""""expandedAt"""":""""2025-06-12T08:58:12.824Z"""",""""originalData"""":{""""chineseName"""":""""豨莶草"""",""""pricePerGram"""":0.018}}","active"
"小茴香","小茴香","Foeniculum vulgare","xiaofenxiang","TCM-XI-104","小茴香，中药材","其他中药","克",true,0.018,"{""""expandedBy"""":""""AI"""",""""expandedAt"""":""""2025-06-12T08:58:12.824Z"""",""""originalData"""":{""""chineseName"""":""""小茴香"""",""""pricePerGram"""":0.018}}","active"
"炒葶苈子","炒葶苈子","葶苈zi","葶苈zi","TCM-ZI-105","炒葶苈子，中药材","其他中药","克",true,0.0185,"{""""expandedBy"""":""""AI"""",""""expandedAt"""":""""2025-06-12T08:58:12.824Z"""",""""originalData"""":{""""chineseName"""":""""炒葶苈子"""",""""pricePerGram"""":0.0185}}","active"
"黄药子","黄药子","Huangyaozi","huangyaozi","TCM-HU-106","黄药子，中药材","其他中药","克",true,0.019,"{""""expandedBy"""":""""AI"""",""""expandedAt"""":""""2025-06-12T08:58:12.824Z"""",""""originalData"""":{""""chineseName"""":""""黄药子"""",""""pricePerGram"""":0.019}}","active"
"莱菔子","莱菔子","Laifuzi","laifuzi","TCM-LA-107","莱菔子，中药材","其他中药","克",true,0.019,"{""""expandedBy"""":""""AI"""",""""expandedAt"""":""""2025-06-12T08:58:12.824Z"""",""""originalData"""":{""""chineseName"""":""""莱菔子"""",""""pricePerGram"""":0.019}}","active"
"女贞子","女贞子","女贞zi","女贞zi","TCM-ZI-108","女贞子，中药材","其他中药","克",true,0.019,"{""""expandedBy"""":""""AI"""",""""expandedAt"""":""""2025-06-12T08:58:12.824Z"""",""""originalData"""":{""""chineseName"""":""""女贞子"""",""""pricePerGram"""":0.019}}","active"
"酒女贞子","酒女贞子","女贞zi","女贞zi","TCM-ZI-109","酒女贞子，中药材","其他中药","克",true,0.019,"{""""expandedBy"""":""""AI"""",""""expandedAt"""":""""2025-06-12T08:58:12.824Z"""",""""originalData"""":{""""chineseName"""":""""酒女贞子"""",""""pricePerGram"""":0.019}}","active"
"神曲茶","神曲茶","神曲茶","神曲茶","TCM-AQ-110","神曲茶，中药材","其他中药","克",true,0.019,"{""""expandedBy"""":""""AI"""",""""expandedAt"""":""""2025-06-12T08:58:12.824Z"""",""""originalData"""":{""""chineseName"""":""""神曲茶"""",""""pricePerGram"""":0.019}}","active"
"广金钱草","广金钱草","广jin钱cao","广jin钱cao","TCM-JI-111","广金钱草，中药材","其他中药","克",true,0.01914,"{""""expandedBy"""":""""AI"""",""""expandedAt"""":""""2025-06-12T08:58:12.824Z"""",""""originalData"""":{""""chineseName"""":""""广金钱草"""",""""pricePerGram"""":0.01914}}","active"
"苍耳子","苍耳子","苍耳zi","苍耳zi","TCM-ZI-112","苍耳子，中药材","其他中药","克",true,0.0193,"{""""expandedBy"""":""""AI"""",""""expandedAt"""":""""2025-06-12T08:58:12.824Z"""",""""originalData"""":{""""chineseName"""":""""苍耳子"""",""""pricePerGram"""":0.0193}}","active"
"白芥子","白芥子","Bai芥zi","bai芥zi","TCM-BA-113","白芥子，中药材","其他中药","克",true,0.0195,"{""""expandedBy"""":""""AI"""",""""expandedAt"""":""""2025-06-12T08:58:12.824Z"""",""""originalData"""":{""""chineseName"""":""""白芥子"""",""""pricePerGram"""":0.0195}}","active"
"黑芝麻","黑芝麻","Hei芝麻","hei芝麻","TCM-HE-114","黑芝麻，中药材","其他中药","克",true,0.0195,"{""""expandedBy"""":""""AI"""",""""expandedAt"""":""""2025-06-12T08:58:12.824Z"""",""""originalData"""":{""""chineseName"""":""""黑芝麻"""",""""pricePerGram"""":0.0195}}","active"
"夜交藤","夜交藤","夜交teng","夜交teng","TCM-TE-115","夜交藤，中药材","其他中药","克",true,0.0195,"{""""expandedBy"""":""""AI"""",""""expandedAt"""":""""2025-06-12T08:58:12.824Z"""",""""originalData"""":{""""chineseName"""":""""夜交藤"""",""""pricePerGram"""":0.0195}}","active"
"桂枝","桂枝","桂zhi","桂zhi","TCM-ZH-116","桂枝，中药材","其他中药","克",true,0.0198,"{""""expandedBy"""":""""AI"""",""""expandedAt"""":""""2025-06-12T08:58:12.824Z"""",""""originalData"""":{""""chineseName"""":""""桂枝"""",""""pricePerGram"""":0.0198}}","active"
"白茅根","白茅根","Baimaogen","baimaogen","TCM-BA-117","白茅根，中药材","其他中药","克",true,0.02,"{""""expandedBy"""":""""AI"""",""""expandedAt"""":""""2025-06-12T08:58:12.824Z"""",""""originalData"""":{""""chineseName"""":""""白茅根"""",""""pricePerGram"""":0.02}}","active"
"半枝莲","半枝莲","Zhilian","zhilian","TCM-ZH-118","半枝莲，中药材","其他中药","克",true,0.02,"{""""expandedBy"""":""""AI"""",""""expandedAt"""":""""2025-06-12T08:58:12.824Z"""",""""originalData"""":{""""chineseName"""":""""半枝莲"""",""""pricePerGram"""":0.02}}","active"
"陈皮丝","陈皮丝","Citrus reticulata","chenpi","TCM-CH-119","陈皮丝，中药材","其他中药","克",true,0.02,"{""""expandedBy"""":""""AI"""",""""expandedAt"""":""""2025-06-12T08:58:12.824Z"""",""""originalData"""":{""""chineseName"""":""""陈皮丝"""",""""pricePerGram"""":0.02}}","active"
"大飞扬","大飞扬","飞扬","飞扬","TCM-VE-120","大飞扬，中药材","其他中药","克",true,0.02,"{""""expandedBy"""":""""AI"""",""""expandedAt"""":""""2025-06-12T08:58:12.824Z"""",""""originalData"""":{""""chineseName"""":""""大飞扬"""",""""pricePerGram"""":0.02}}","active"
"淡竹叶","淡竹叶","淡竹ye","淡竹ye","TCM-YE-121","淡竹叶，中药材","其他中药","克",true,0.02,"{""""expandedBy"""":""""AI"""",""""expandedAt"""":""""2025-06-12T08:58:12.824Z"""",""""originalData"""":{""""chineseName"""":""""淡竹叶"""",""""pricePerGram"""":0.02}}","active"
"冬瓜子","冬瓜子","Dong瓜zi","dong瓜zi","TCM-DO-122","冬瓜子，中药材","其他中药","克",true,0.02,"{""""expandedBy"""":""""AI"""",""""expandedAt"""":""""2025-06-12T08:58:12.824Z"""",""""originalData"""":{""""chineseName"""":""""冬瓜子"""",""""pricePerGram"""":0.02}}","active"
"冬葵子","冬葵子","Dong葵zi","dong葵zi","TCM-DO-123","冬葵子，中药材","其他中药","克",true,0.02,"{""""expandedBy"""":""""AI"""",""""expandedAt"""":""""2025-06-12T08:58:12.824Z"""",""""originalData"""":{""""chineseName"""":""""冬葵子"""",""""pricePerGram"""":0.02}}","active"
"浮萍","浮萍","浮萍","浮萍","TCM-MF-124","浮萍，中药材","其他中药","克",true,0.02,"{""""expandedBy"""":""""AI"""",""""expandedAt"""":""""2025-06-12T08:58:12.824Z"""",""""originalData"""":{""""chineseName"""":""""浮萍"""",""""pricePerGram"""":0.02}}","active"
"浮小麦","浮小麦","浮mai","浮mai","TCM-MA-125","浮小麦，中药材","其他中药","克",true,0.02,"{""""expandedBy"""":""""AI"""",""""expandedAt"""":""""2025-06-12T08:58:12.824Z"""",""""originalData"""":{""""chineseName"""":""""浮小麦"""",""""pricePerGram"""":0.02}}","active"
"葫芦巴","葫芦巴","葫luba","葫luba","TCM-LU-126","葫芦巴，中药材","其他中药","克",true,0.02,"{""""expandedBy"""":""""AI"""",""""expandedAt"""":""""2025-06-12T08:58:12.824Z"""",""""originalData"""":{""""chineseName"""":""""葫芦巴"""",""""pricePerGram"""":0.02}}","active"
"鸡血藤","鸡血藤","Ji血teng","ji血teng","TCM-JI-127","鸡血藤，中药材","其他中药","克",true,0.02,"{""""expandedBy"""":""""AI"""",""""expandedAt"""":""""2025-06-12T08:58:12.824Z"""",""""originalData"""":{""""chineseName"""":""""鸡血藤"""",""""pricePerGram"""":0.02}}","active"
"鸡矢藤","鸡矢藤","Ji矢teng","ji矢teng","TCM-JI-128","鸡矢藤，中药材","其他中药","克",true,0.02,"{""""expandedBy"""":""""AI"""",""""expandedAt"""":""""2025-06-12T08:58:12.824Z"""",""""originalData"""":{""""chineseName"""":""""鸡矢藤"""",""""pricePerGram"""":0.02}}","active"
"莲房","莲房","Lian房","lian房","TCM-LI-129","莲房，中药材","其他中药","克",true,0.02,"{""""expandedBy"""":""""AI"""",""""expandedAt"""":""""2025-06-12T08:58:12.824Z"""",""""originalData"""":{""""chineseName"""":""""莲房"""",""""pricePerGram"""":0.02}}","active"
"马鞭草","马鞭草","Ma鞭cao","ma鞭cao","TCM-MA-130","马鞭草，中药材","其他中药","克",true,0.02,"{""""expandedBy"""":""""AI"""",""""expandedAt"""":""""2025-06-12T08:58:12.824Z"""",""""originalData"""":{""""chineseName"""":""""马鞭草"""",""""pricePerGram"""":0.02}}","active"
"马齿苋","马齿苋","Ma齿苋","ma齿苋","TCM-MA-131","马齿苋，中药材","其他中药","克",true,0.02,"{""""expandedBy"""":""""AI"""",""""expandedAt"""":""""2025-06-12T08:58:12.824Z"""",""""originalData"""":{""""chineseName"""":""""马齿苋"""",""""pricePerGram"""":0.02}}","active"
"芒果核","芒果核","芒guohe","芒guohe","TCM-GU-132","芒果核，中药材","其他中药","克",true,0.02,"{""""expandedBy"""":""""AI"""",""""expandedAt"""":""""2025-06-12T08:58:12.824Z"""",""""originalData"""":{""""chineseName"""":""""芒果核"""",""""pricePerGram"""":0.02}}","active"
"密蒙花","密蒙花","密蒙hua","密蒙hua","TCM-HU-133","密蒙花，中药材","其他中药","克",true,0.02,"{""""expandedBy"""":""""AI"""",""""expandedAt"""":""""2025-06-12T08:58:12.824Z"""",""""originalData"""":{""""chineseName"""":""""密蒙花"""",""""pricePerGram"""":0.02}}","active"
"绵茵陈","绵茵陈","绵茵陈","绵茵陈","TCM-BX-134","绵茵陈，中药材","其他中药","克",true,0.02,"{""""expandedBy"""":""""AI"""",""""expandedAt"""":""""2025-06-12T08:58:12.824Z"""",""""originalData"""":{""""chineseName"""":""""绵茵陈"""",""""pricePerGram"""":0.02}}","active"
"青葙子","青葙子","Qing葙zi","qing葙zi","TCM-QI-135","青葙子，中药材","其他中药","克",true,0.02,"{""""expandedBy"""":""""AI"""",""""expandedAt"""":""""2025-06-12T08:58:12.824Z"""",""""originalData"""":{""""chineseName"""":""""青葙子"""",""""pricePerGram"""":0.02}}","active"
"桑叶","桑叶","桑ye","桑ye","TCM-YE-136","桑叶，中药材","其他中药","克",true,0.02,"{""""expandedBy"""":""""AI"""",""""expandedAt"""":""""2025-06-12T08:58:12.824Z"""",""""originalData"""":{""""chineseName"""":""""桑叶"""",""""pricePerGram"""":0.02}}","active"
"葶苈子","葶苈子","葶苈zi","葶苈zi","TCM-ZI-137","葶苈子，中药材","其他中药","克",true,0.02,"{""""expandedBy"""":""""AI"""",""""expandedAt"""":""""2025-06-12T08:58:12.825Z"""",""""originalData"""":{""""chineseName"""":""""葶苈子"""",""""pricePerGram"""":0.02}}","active"
"乌梅","乌梅","Wu梅","wu梅","TCM-WU-138","乌梅，中药材","其他中药","克",true,0.02,"{""""expandedBy"""":""""AI"""",""""expandedAt"""":""""2025-06-12T08:58:12.825Z"""",""""originalData"""":{""""chineseName"""":""""乌梅"""",""""pricePerGram"""":0.02}}","active"
"天葵子","天葵子","天葵zi","天葵zi","TCM-ZI-139","天葵子，中药材","其他中药","克",true,0.021,"{""""expandedBy"""":""""AI"""",""""expandedAt"""":""""2025-06-12T08:58:12.825Z"""",""""originalData"""":{""""chineseName"""":""""天葵子"""",""""pricePerGram"""":0.021}}","active"
"紫花地丁","紫花地丁","Zihuadi丁","zihuadi丁","TCM-ZI-140","紫花地丁，中药材","其他中药","克",true,0.021,"{""""expandedBy"""":""""AI"""",""""expandedAt"""":""""2025-06-12T08:58:12.825Z"""",""""originalData"""":{""""chineseName"""":""""紫花地丁"""",""""pricePerGram"""":0.021}}","active"
"半边莲","半边莲","Bianlian","bianlian","TCM-BI-141","半边莲，中药材","其他中药","克",true,0.022,"{""""expandedBy"""":""""AI"""",""""expandedAt"""":""""2025-06-12T08:58:12.825Z"""",""""originalData"""":{""""chineseName"""":""""半边莲"""",""""pricePerGram"""":0.022}}","active"
"炒陈皮丝","炒陈皮丝","Citrus reticulata","chenpi","TCM-CH-142","炒陈皮丝，中药材","其他中药","克",true,0.022,"{""""expandedBy"""":""""AI"""",""""expandedAt"""":""""2025-06-12T08:58:12.825Z"""",""""originalData"""":{""""chineseName"""":""""炒陈皮丝"""",""""pricePerGram"""":0.022}}","active"
"瓜蒌皮","瓜蒌皮","瓜蒌pi","瓜蒌pi","TCM-PI-143","瓜蒌皮，中药材","其他中药","克",true,0.022,"{""""expandedBy"""":""""AI"""",""""expandedAt"""":""""2025-06-12T08:58:12.825Z"""",""""originalData"""":{""""chineseName"""":""""瓜蒌皮"""",""""pricePerGram"""":0.022}}","active"
"金钱草","金钱草","Jin钱cao","jin钱cao","TCM-JI-144","金钱草，中药材","其他中药","克",true,0.022,"{""""expandedBy"""":""""AI"""",""""expandedAt"""":""""2025-06-12T08:58:12.825Z"""",""""originalData"""":{""""chineseName"""":""""金钱草"""",""""pricePerGram"""":0.022}}","active"
"炒荆芥","炒荆芥","荆芥","荆芥","TCM-KO-145","炒荆芥，中药材","其他中药","克",true,0.022,"{""""expandedBy"""":""""AI"""",""""expandedAt"""":""""2025-06-12T08:58:12.825Z"""",""""originalData"""":{""""chineseName"""":""""炒荆芥"""",""""pricePerGram"""":0.022}}","active"
"佩兰","佩兰","佩兰","佩兰","TCM-XW-146","佩兰，中药材","其他中药","克",true,0.022,"{""""expandedBy"""":""""AI"""",""""expandedAt"""":""""2025-06-12T08:58:12.825Z"""",""""originalData"""":{""""chineseName"""":""""佩兰"""",""""pricePerGram"""":0.022}}","active"
"六神曲","六神曲","Liu神曲","liu神曲","TCM-LI-147","六神曲，中药材","其他中药","克",true,0.022,"{""""expandedBy"""":""""AI"""",""""expandedAt"""":""""2025-06-12T08:58:12.825Z"""",""""originalData"""":{""""chineseName"""":""""六神曲"""",""""pricePerGram"""":0.022}}","active"
"玉米须","玉米须","玉米须","玉米须","TCM-PJ-148","玉米须，中药材","其他中药","克",true,0.022,"{""""expandedBy"""":""""AI"""",""""expandedAt"""":""""2025-06-12T08:58:12.825Z"""",""""originalData"""":{""""chineseName"""":""""玉米须"""",""""pricePerGram"""":0.022}}","active"
"泽泻","泽泻","泽泻","泽泻","TCM-DB-149","泽泻，中药材","其他中药","克",true,0.022,"{""""expandedBy"""":""""AI"""",""""expandedAt"""":""""2025-06-12T08:58:12.825Z"""",""""originalData"""":{""""chineseName"""":""""泽泻"""",""""pricePerGram"""":0.022}}","active"
"枳实","枳实","Zhishi","zhishi","TCM-ZH-150","枳实，中药材","其他中药","克",true,0.022,"{""""expandedBy"""":""""AI"""",""""expandedAt"""":""""2025-06-12T08:58:12.825Z"""",""""originalData"""":{""""chineseName"""":""""枳实"""",""""pricePerGram"""":0.022}}","active"
"炒枳实","炒枳实","Zhishi","zhishi","TCM-ZH-151","炒枳实，中药材","其他中药","克",true,0.022,"{""""expandedBy"""":""""AI"""",""""expandedAt"""":""""2025-06-12T08:58:12.825Z"""",""""originalData"""":{""""chineseName"""":""""炒枳实"""",""""pricePerGram"""":0.022}}","active"
"竹茹","竹茹","竹茹","竹茹","TCM-VB-152","竹茹，中药材","其他中药","克",true,0.022,"{""""expandedBy"""":""""AI"""",""""expandedAt"""":""""2025-06-12T08:58:12.825Z"""",""""originalData"""":{""""chineseName"""":""""竹茹"""",""""pricePerGram"""":0.022}}","active"
"萆薢","萆薢","萆薢","萆薢","TCM-YU-153","萆薢，中药材","其他中药","克",true,0.0225,"{""""expandedBy"""":""""AI"""",""""expandedAt"""":""""2025-06-12T08:58:12.825Z"""",""""originalData"""":{""""chineseName"""":""""萆薢"""",""""pricePerGram"""":0.0225}}","active"
"白扁豆","白扁豆","Baibiandou","baibiandou","TCM-BA-154","白扁豆，中药材","其他中药","克",true,0.023,"{""""expandedBy"""":""""AI"""",""""expandedAt"""":""""2025-06-12T08:58:12.825Z"""",""""originalData"""":{""""chineseName"""":""""白扁豆"""",""""pricePerGram"""":0.023}}","active"
"槐花","槐花","槐hua","槐hua","TCM-HU-155","槐花，中药材","其他中药","克",true,0.023,"{""""expandedBy"""":""""AI"""",""""expandedAt"""":""""2025-06-12T08:58:12.825Z"""",""""originalData"""":{""""chineseName"""":""""槐花"""",""""pricePerGram"""":0.023}}","active"
"鸡蛋花","鸡蛋花","Ji蛋hua","ji蛋hua","TCM-JI-156","鸡蛋花，中药材","其他中药","克",true,0.023,"{""""expandedBy"""":""""AI"""",""""expandedAt"""":""""2025-06-12T08:58:12.825Z"""",""""originalData"""":{""""chineseName"""":""""鸡蛋花"""",""""pricePerGram"""":0.023}}","active"
"藕节","藕节","藕节","藕节","TCM-TA-157","藕节，中药材","其他中药","克",true,0.023,"{""""expandedBy"""":""""AI"""",""""expandedAt"""":""""2025-06-12T08:58:12.825Z"""",""""originalData"""":{""""chineseName"""":""""藕节"""",""""pricePerGram"""":0.023}}","active"
"炒山楂","炒山楂","Crataegus pinnatifida","shanzha","TCM-SH-158","炒山楂，中药材","其他中药","克",true,0.023,"{""""expandedBy"""":""""AI"""",""""expandedAt"""":""""2025-06-12T08:58:12.825Z"""",""""originalData"""":{""""chineseName"""":""""炒山楂"""",""""pricePerGram"""":0.023}}","active"
"丝瓜络","丝瓜络","瓜络","瓜络","TCM-DQ-159","丝瓜络，中药材","其他中药","克",true,0.023,"{""""expandedBy"""":""""AI"""",""""expandedAt"""":""""2025-06-12T08:58:12.825Z"""",""""originalData"""":{""""chineseName"""":""""丝瓜络"""",""""pricePerGram"""":0.023}}","active"
"香附","香附","Xiangfu","xiangfu","TCM-XI-160","香附，中药材","其他中药","克",true,0.023,"{""""expandedBy"""":""""AI"""",""""expandedAt"""":""""2025-06-12T08:58:12.825Z"""",""""originalData"""":{""""chineseName"""":""""香附"""",""""pricePerGram"""":0.023}}","active"
"香橼","香橼","Xiang橼","xiang橼","TCM-XI-161","香橼，中药材","其他中药","克",true,0.023,"{""""expandedBy"""":""""AI"""",""""expandedAt"""":""""2025-06-12T08:58:12.825Z"""",""""originalData"""":{""""chineseName"""":""""香橼"""",""""pricePerGram"""":0.023}}","active"
"槲寄生","槲寄生","槲寄生","槲寄生","TCM-EO-162","槲寄生，中药材","其他中药","克",true,0.02348,"{""""expandedBy"""":""""AI"""",""""expandedAt"""":""""2025-06-12T08:58:12.825Z"""",""""originalData"""":{""""chineseName"""":""""槲寄生"""",""""pricePerGram"""":0.02348}}","active"
"葛根","葛根","葛gen","葛gen","TCM-GE-163","葛根，中药材","其他中药","克",true,0.0235,"{""""expandedBy"""":""""AI"""",""""expandedAt"""":""""2025-06-12T08:58:12.825Z"""",""""originalData"""":{""""chineseName"""":""""葛根"""",""""pricePerGram"""":0.0235}}","active"
"矮地茶","矮地茶","矮di茶","矮di茶","TCM-DI-164","矮地茶，中药材","其他中药","克",true,0.024,"{""""expandedBy"""":""""AI"""",""""expandedAt"""":""""2025-06-12T08:58:12.825Z"""",""""originalData"""":{""""chineseName"""":""""矮地茶"""",""""pricePerGram"""":0.024}}","active"
"厚朴","厚朴","Magnolia officinalis","houpo","TCM-HO-165","厚朴，中药材","其他中药","克",true,0.024,"{""""expandedBy"""":""""AI"""",""""expandedAt"""":""""2025-06-12T08:58:12.825Z"""",""""originalData"""":{""""chineseName"""":""""厚朴"""",""""pricePerGram"""":0.024}}","active"
"昆布","昆布","昆布","昆布","TCM-OR-166","昆布，中药材","其他中药","克",true,0.024,"{""""expandedBy"""":""""AI"""",""""expandedAt"""":""""2025-06-12T08:58:12.825Z"""",""""originalData"""":{""""chineseName"""":""""昆布"""",""""pricePerGram"""":0.024}}","active"
"炒神曲","炒神曲","Medicated leaven","shenqu","TCM-SH-167","炒神曲，中药材","其他中药","克",true,0.024,"{""""expandedBy"""":""""AI"""",""""expandedAt"""":""""2025-06-12T08:58:12.825Z"""",""""originalData"""":{""""chineseName"""":""""炒神曲"""",""""pricePerGram"""":0.024}}","active"
"艾叶炭","艾叶炭","艾ye炭","艾ye炭","TCM-YE-168","艾叶炭，中药材","其他中药","克",true,0.025,"{""""expandedBy"""":""""AI"""",""""expandedAt"""":""""2025-06-12T08:58:12.825Z"""",""""originalData"""":{""""chineseName"""":""""艾叶炭"""",""""pricePerGram"""":0.025}}","active"
"炒白扁豆","炒白扁豆","Baibiandou","baibiandou","TCM-BA-169","炒白扁豆，中药材","其他中药","克",true,0.025,"{""""expandedBy"""":""""AI"""",""""expandedAt"""":""""2025-06-12T08:58:12.825Z"""",""""originalData"""":{""""chineseName"""":""""炒白扁豆"""",""""pricePerGram"""":0.025}}","active"
"刺五加","刺五加","刺wujia","刺wujia","TCM-WU-170","刺五加，中药材","其他中药","克",true,0.025,"{""""expandedBy"""":""""AI"""",""""expandedAt"""":""""2025-06-12T08:58:12.825Z"""",""""originalData"""":{""""chineseName"""":""""刺五加"""",""""pricePerGram"""":0.025}}","active"
"垂盆草","垂盆草","垂盆cao","垂盆cao","TCM-CA-171","垂盆草，中药材","其他中药","克",true,0.025,"{""""expandedBy"""":""""AI"""",""""expandedAt"""":""""2025-06-12T08:58:12.825Z"""",""""originalData"""":{""""chineseName"""":""""垂盆草"""",""""pricePerGram"""":0.025}}","active"
"地榆","地榆","Di榆","di榆","TCM-DI-172","地榆，中药材","其他中药","克",true,0.025,"{""""expandedBy"""":""""AI"""",""""expandedAt"""":""""2025-06-12T08:58:12.825Z"""",""""originalData"""":{""""chineseName"""":""""地榆"""",""""pricePerGram"""":0.025}}","active"
"杜仲丝","杜仲丝","杜仲","杜仲","TCM-SI-173","杜仲丝，中药材","其他中药","克",true,0.025,"{""""expandedBy"""":""""AI"""",""""expandedAt"""":""""2025-06-12T08:58:12.825Z"""",""""originalData"""":{""""chineseName"""":""""杜仲丝"""",""""pricePerGram"""":0.025}}","active"
"杜仲","杜仲","杜仲","杜仲","TCM-SI-174","杜仲，中药材","其他中药","克",true,0.025,"{""""expandedBy"""":""""AI"""",""""expandedAt"""":""""2025-06-12T08:58:12.825Z"""",""""originalData"""":{""""chineseName"""":""""杜仲"""",""""pricePerGram"""":0.025}}","active"
"黑老虎根","黑老虎根","Hei老hugen","hei老hugen","TCM-HE-175","黑老虎根，中药材","其他中药","克",true,0.025,"{""""expandedBy"""":""""AI"""",""""expandedAt"""":""""2025-06-12T08:58:12.825Z"""",""""originalData"""":{""""chineseName"""":""""黑老虎根"""",""""pricePerGram"""":0.025}}","active"
"藿香","藿香","藿xiang","藿xiang","TCM-XI-176","藿香，中药材","其他中药","克",true,0.025,"{""""expandedBy"""":""""AI"""",""""expandedAt"""":""""2025-06-12T08:58:12.825Z"""",""""originalData"""":{""""chineseName"""":""""藿香"""",""""pricePerGram"""":0.025}}","active"
"韭菜子","韭菜子","韭菜zi","韭菜zi","TCM-ZI-177","韭菜子，中药材","其他中药","克",true,0.025,"{""""expandedBy"""":""""AI"""",""""expandedAt"""":""""2025-06-12T08:58:12.825Z"""",""""originalData"""":{""""chineseName"""":""""韭菜子"""",""""pricePerGram"""":0.025}}","active"
"橘核","橘核","橘he","橘he","TCM-HE-178","橘核，中药材","其他中药","克",true,0.025,"{""""expandedBy"""":""""AI"""",""""expandedAt"""":""""2025-06-12T08:58:12.825Z"""",""""originalData"""":{""""chineseName"""":""""橘核"""",""""pricePerGram"""":0.025}}","active"
"硫磺","硫磺","硫磺","硫磺","TCM-RE-179","硫磺，中药材","其他中药","克",true,0.025,"{""""expandedBy"""":""""AI"""",""""expandedAt"""":""""2025-06-12T08:58:12.825Z"""",""""originalData"""":{""""chineseName"""":""""硫磺"""",""""pricePerGram"""":0.025}}","active"
"龙骨","龙骨","Dragon bone","longgu","TCM-LO-180","龙骨，中药材","其他中药","克",true,0.025,"{""""expandedBy"""":""""AI"""",""""expandedAt"""":""""2025-06-12T08:58:12.825Z"""",""""originalData"""":{""""chineseName"""":""""龙骨"""",""""pricePerGram"""":0.025}}","active"
"芦根","芦根","Phragmites communis","lugen","TCM-LU-181","芦根，中药材","其他中药","克",true,0.025,"{""""expandedBy"""":""""AI"""",""""expandedAt"""":""""2025-06-12T08:58:12.825Z"""",""""originalData"""":{""""chineseName"""":""""芦根"""",""""pricePerGram"""":0.025}}","active"
"芒硝","芒硝","芒硝","芒硝","TCM-QD-182","芒硝，中药材","其他中药","克",true,0.025,"{""""expandedBy"""":""""AI"""",""""expandedAt"""":""""2025-06-12T08:58:12.825Z"""",""""originalData"""":{""""chineseName"""":""""芒硝"""",""""pricePerGram"""":0.025}}","active"
"蛇舌草","蛇舌草","She舌cao","she舌cao","TCM-SH-183","蛇舌草，中药材","其他中药","克",true,0.025,"{""""expandedBy"""":""""AI"""",""""expandedAt"""":""""2025-06-12T08:58:12.825Z"""",""""originalData"""":{""""chineseName"""":""""蛇舌草"""",""""pricePerGram"""":0.025}}","active"
"生首乌","生首乌","Shouwu","shouwu","TCM-SH-184","生首乌，中药材","其他中药","克",true,0.025,"{""""expandedBy"""":""""AI"""",""""expandedAt"""":""""2025-06-12T08:58:12.825Z"""",""""originalData"""":{""""chineseName"""":""""生首乌"""",""""pricePerGram"""":0.025}}","active"
"玄参","玄参","Scrophularia ningpoensis","xuanshen","TCM-XU-185","玄参，中药材","其他中药","克",true,0.025,"{""""expandedBy"""":""""AI"""",""""expandedAt"""":""""2025-06-12T08:58:12.825Z"""",""""originalData"""":{""""chineseName"""":""""玄参"""",""""pricePerGram"""":0.025}}","active"
"炒苏子","炒苏子","苏zi","苏zi","TCM-ZI-186","炒苏子，中药材","其他中药","克",true,0.025,"{""""expandedBy"""":""""AI"""",""""expandedAt"""":""""2025-06-12T08:58:12.825Z"""",""""originalData"""":{""""chineseName"""":""""炒苏子"""",""""pricePerGram"""":0.025}}","active"
"干姜","干姜","Zingiber officinale","ganjiang","TCM-GA-187","干姜，中药材","其他中药","克",true,0.0255,"{""""expandedBy"""":""""AI"""",""""expandedAt"""":""""2025-06-12T08:58:12.825Z"""",""""originalData"""":{""""chineseName"""":""""干姜"""",""""pricePerGram"""":0.0255}}","active"
"海藻","海藻","Hai藻","hai藻","TCM-HA-188","海藻，中药材","其他中药","克",true,0.026,"{""""expandedBy"""":""""AI"""",""""expandedAt"""":""""2025-06-12T08:58:12.825Z"""",""""originalData"""":{""""chineseName"""":""""海藻"""",""""pricePerGram"""":0.026}}","active"
"诃子","诃子","Terminalia chebula","hezi","TCM-HE-189","诃子，中药材","其他中药","克",true,0.026,"{""""expandedBy"""":""""AI"""",""""expandedAt"""":""""2025-06-12T08:58:12.825Z"""",""""originalData"""":{""""chineseName"""":""""诃子"""",""""pricePerGram"""":0.026}}","active"
"炒丹皮","炒丹皮","Danpi","danpi","TCM-DA-190","炒丹皮，中药材","其他中药","克",true,0.026,"{""""expandedBy"""":""""AI"""",""""expandedAt"""":""""2025-06-12T08:58:12.825Z"""",""""originalData"""":{""""chineseName"""":""""炒丹皮"""",""""pricePerGram"""":0.026}}","active"
"蒲公英","蒲公英","蒲公英","蒲公英","TCM-OS-191","蒲公英，中药材","其他中药","克",true,0.026,"{""""expandedBy"""":""""AI"""",""""expandedAt"""":""""2025-06-12T08:58:12.825Z"""",""""originalData"""":{""""chineseName"""":""""蒲公英"""",""""pricePerGram"""":0.026}}","active"
"沙姜","沙姜","沙jiang","沙jiang","TCM-JI-192","沙姜，中药材","其他中药","克",true,0.026,"{""""expandedBy"""":""""AI"""",""""expandedAt"""":""""2025-06-12T08:58:12.825Z"""",""""originalData"""":{""""chineseName"""":""""沙姜"""",""""pricePerGram"""":0.026}}","active"
"木香","木香","Aucklandia lappa","muxiang","TCM-MU-193","木香，中药材","其他中药","克",true,0.02608,"{""""expandedBy"""":""""AI"""",""""expandedAt"""":""""2025-06-12T08:58:12.825Z"""",""""originalData"""":{""""chineseName"""":""""木香"""",""""pricePerGram"""":0.02608}}","active"
"胆矾","胆矾","胆fan","胆fan","TCM-FA-194","胆矾，中药材","其他中药","克",true,0.0265,"{""""expandedBy"""":""""AI"""",""""expandedAt"""":""""2025-06-12T08:58:12.825Z"""",""""originalData"""":{""""chineseName"""":""""胆矾"""",""""pricePerGram"""":0.0265}}","active"
"枳壳","枳壳","Aurantii fructus","zhike","TCM-ZH-195","枳壳，中药材","其他中药","克",true,0.0265,"{""""expandedBy"""":""""AI"""",""""expandedAt"""":""""2025-06-12T08:58:12.826Z"""",""""originalData"""":{""""chineseName"""":""""枳壳"""",""""pricePerGram"""":0.0265}}","active"
"冬瓜皮","冬瓜皮","Dong瓜pi","dong瓜pi","TCM-DO-196","冬瓜皮，中药材","其他中药","克",true,0.027,"{""""expandedBy"""":""""AI"""",""""expandedAt"""":""""2025-06-12T08:58:12.826Z"""",""""originalData"""":{""""chineseName"""":""""冬瓜皮"""",""""pricePerGram"""":0.027}}","active"
"木通","木通","Mu通","mu通","TCM-MU-197","木通，中药材","其他中药","克",true,0.027,"{""""expandedBy"""":""""AI"""",""""expandedAt"""":""""2025-06-12T08:58:12.826Z"""",""""originalData"""":{""""chineseName"""":""""木通"""",""""pricePerGram"""":0.027}}","active"
"檞寄生","檞寄生","檞寄生","檞寄生","TCM-UO-198","檞寄生，中药材","其他中药","克",true,0.027,"{""""expandedBy"""":""""AI"""",""""expandedAt"""":""""2025-06-12T08:58:12.826Z"""",""""originalData"""":{""""chineseName"""":""""檞寄生"""",""""pricePerGram"""":0.027}}","active"
"三棱","三棱","San棱","san棱","TCM-SA-199","三棱，中药材","其他中药","克",true,0.027,"{""""expandedBy"""":""""AI"""",""""expandedAt"""":""""2025-06-12T08:58:12.826Z"""",""""originalData"""":{""""chineseName"""":""""三棱"""",""""pricePerGram"""":0.027}}","active"
"薄荷叶","薄荷叶","荷ye","荷ye","TCM-YE-200","薄荷叶，中药材","其他中药","克",true,0.028,"{""""expandedBy"""":""""AI"""",""""expandedAt"""":""""2025-06-12T08:58:12.826Z"""",""""originalData"""":{""""chineseName"""":""""薄荷叶"""",""""pricePerGram"""":0.028}}","active"
"海风藤","海风藤","Hai风teng","hai风teng","TCM-HA-201","海风藤，中药材","其他中药","克",true,0.028,"{""""expandedBy"""":""""AI"""",""""expandedAt"""":""""2025-06-12T08:58:12.827Z"""",""""originalData"""":{""""chineseName"""":""""海风藤"""",""""pricePerGram"""":0.028}}","active"
"牛蒡片","牛蒡片","Niu蒡","niu蒡","TCM-NI-202","牛蒡片，中药材","其他中药","克",true,0.028,"{""""expandedBy"""":""""AI"""",""""expandedAt"""":""""2025-06-12T08:58:12.827Z"""",""""originalData"""":{""""chineseName"""":""""牛蒡片"""",""""pricePerGram"""":0.028}}","active"
"苏木","苏木","苏mu","苏mu","TCM-MU-203","苏木，中药材","其他中药","克",true,0.028,"{""""expandedBy"""":""""AI"""",""""expandedAt"""":""""2025-06-12T08:58:12.827Z"""",""""originalData"""":{""""chineseName"""":""""苏木"""",""""pricePerGram"""":0.028}}","active"
"炒王不留行子","炒王不留行子","王不留行zi","王不留行zi","TCM-ZI-204","炒王不留行子，中药材","其他中药","克",true,0.028,"{""""expandedBy"""":""""AI"""",""""expandedAt"""":""""2025-06-12T08:58:12.827Z"""",""""originalData"""":{""""chineseName"""":""""炒王不留行子"""",""""pricePerGram"""":0.028}}","active"
"炒枳壳","炒枳壳","Aurantii fructus","zhike","TCM-ZH-205","炒枳壳，中药材","其他中药","克",true,0.028,"{""""expandedBy"""":""""AI"""",""""expandedAt"""":""""2025-06-12T08:58:12.827Z"""",""""originalData"""":{""""chineseName"""":""""炒枳壳"""",""""pricePerGram"""":0.028}}","active"
"紫苏子","紫苏子","Zi苏zi","zi苏zi","TCM-ZI-206","紫苏子，中药材","其他中药","克",true,0.028,"{""""expandedBy"""":""""AI"""",""""expandedAt"""":""""2025-06-12T08:58:12.827Z"""",""""originalData"""":{""""chineseName"""":""""紫苏子"""",""""pricePerGram"""":0.028}}","active"
"大黄炭","大黄炭","Huang炭","huang炭","TCM-HU-207","大黄炭，中药材","其他中药","克",true,0.0285,"{""""expandedBy"""":""""AI"""",""""expandedAt"""":""""2025-06-12T08:58:12.827Z"""",""""originalData"""":{""""chineseName"""":""""大黄炭"""",""""pricePerGram"""":0.0285}}","active"
"龙齿","龙齿","Long齿","long齿","TCM-LO-208","龙齿，中药材","其他中药","克",true,0.0285,"{""""expandedBy"""":""""AI"""",""""expandedAt"""":""""2025-06-12T08:58:12.827Z"""",""""originalData"""":{""""chineseName"""":""""龙齿"""",""""pricePerGram"""":0.0285}}","active"
"木瓜","木瓜","Chaenomeles speciosa","mugua","TCM-MU-209","木瓜，中药材","其他中药","克",true,0.029,"{""""expandedBy"""":""""AI"""",""""expandedAt"""":""""2025-06-12T08:58:12.827Z"""",""""originalData"""":{""""chineseName"""":""""木瓜"""",""""pricePerGram"""":0.029}}","active"
"白芷长片","白芷长片","Bai芷chang","bai芷chang","TCM-BA-210","白芷长片，中药材","其他中药","克",true,0.0291,"{""""expandedBy"""":""""AI"""",""""expandedAt"""":""""2025-06-12T08:58:12.827Z"""",""""originalData"""":{""""chineseName"""":""""白芷长片"""",""""pricePerGram"""":0.0291}}","active"
"苦参","苦参","苦shen","苦shen","TCM-SH-211","苦参，中药材","其他中药","克",true,0.0295,"{""""expandedBy"""":""""AI"""",""""expandedAt"""":""""2025-06-12T08:58:12.827Z"""",""""originalData"""":{""""chineseName"""":""""苦参"""",""""pricePerGram"""":0.0295}}","active"
"冬凌草","冬凌草","Dong凌cao","dong凌cao","TCM-DO-212","冬凌草，中药材","其他中药","克",true,0.03,"{""""expandedBy"""":""""AI"""",""""expandedAt"""":""""2025-06-12T08:58:12.827Z"""",""""originalData"""":{""""chineseName"""":""""冬凌草"""",""""pricePerGram"""":0.03}}","active"
"分心木","分心木","分心mu","分心mu","TCM-MU-213","分心木，中药材","其他中药","克",true,0.03,"{""""expandedBy"""":""""AI"""",""""expandedAt"""":""""2025-06-12T08:58:12.827Z"""",""""originalData"""":{""""chineseName"""":""""分心木"""",""""pricePerGram"""":0.03}}","active"
"姜黄","姜黄","Huang","huang","TCM-HU-214","姜黄，中药材","其他中药","克",true,0.03,"{""""expandedBy"""":""""AI"""",""""expandedAt"""":""""2025-06-12T08:58:12.827Z"""",""""originalData"""":{""""chineseName"""":""""姜黄"""",""""pricePerGram"""":0.03}}","active"
"雪梨干","雪梨干","雪梨gan","雪梨gan","TCM-GA-215","雪梨干，中药材","其他中药","克",true,0.03,"{""""expandedBy"""":""""AI"""",""""expandedAt"""":""""2025-06-12T08:58:12.827Z"""",""""originalData"""":{""""chineseName"""":""""雪梨干"""",""""pricePerGram"""":0.03}}","active"
"熟薏仁","熟薏仁","薏ren","薏ren","TCM-RE-216","熟薏仁，中药材","其他中药","克",true,0.03,"{""""expandedBy"""":""""AI"""",""""expandedAt"""":""""2025-06-12T08:58:12.827Z"""",""""originalData"""":{""""chineseName"""":""""熟薏仁"""",""""pricePerGram"""":0.03}}","active"
"紫苏梗","紫苏梗","Zi苏梗","zi苏梗","TCM-ZI-217","紫苏梗，中药材","其他中药","克",true,0.03,"{""""expandedBy"""":""""AI"""",""""expandedAt"""":""""2025-06-12T08:58:12.827Z"""",""""originalData"""":{""""chineseName"""":""""紫苏梗"""",""""pricePerGram"""":0.03}}","active"
"石韦","石韦","Shi韦","shi韦","TCM-SH-218","石韦，中药材","其他中药","克",true,0.03044,"{""""expandedBy"""":""""AI"""",""""expandedAt"""":""""2025-06-12T08:58:12.827Z"""",""""originalData"""":{""""chineseName"""":""""石韦"""",""""pricePerGram"""":0.03044}}","active"
"柿蒂","柿蒂","柿蒂","柿蒂","TCM-ZS-219","柿蒂，中药材","其他中药","克",true,0.03044,"{""""expandedBy"""":""""AI"""",""""expandedAt"""":""""2025-06-12T08:58:12.827Z"""",""""originalData"""":{""""chineseName"""":""""柿蒂"""",""""pricePerGram"""":0.03044}}","active"
"广藿香","广藿香","广藿xiang","广藿xiang","TCM-XI-220","广藿香，中药材","其他中药","克",true,0.031,"{""""expandedBy"""":""""AI"""",""""expandedAt"""":""""2025-06-12T08:58:12.827Z"""",""""originalData"""":{""""chineseName"""":""""广藿香"""",""""pricePerGram"""":0.031}}","active"
"草果","草果","Caoguo","caoguo","TCM-CA-221","草果，中药材","其他中药","克",true,0.03195,"{""""expandedBy"""":""""AI"""",""""expandedAt"""":""""2025-06-12T08:58:12.827Z"""",""""originalData"""":{""""chineseName"""":""""草果"""",""""pricePerGram"""":0.03195}}","active"
"蒺藜","蒺藜","蒺藜","蒺藜","TCM-WA-222","蒺藜，中药材","其他中药","克",true,0.032,"{""""expandedBy"""":""""AI"""",""""expandedAt"""":""""2025-06-12T08:58:12.827Z"""",""""originalData"""":{""""chineseName"""":""""蒺藜"""",""""pricePerGram"""":0.032}}","active"
"芡实","芡实","芡shi","芡shi","TCM-SH-223","芡实，中药材","其他中药","克",true,0.032,"{""""expandedBy"""":""""AI"""",""""expandedAt"""":""""2025-06-12T08:58:12.827Z"""",""""originalData"""":{""""chineseName"""":""""芡实"""",""""pricePerGram"""":0.032}}","active"
"夏枯草","夏枯草","夏枯cao","夏枯cao","TCM-CA-224","夏枯草，中药材","其他中药","克",true,0.032,"{""""expandedBy"""":""""AI"""",""""expandedAt"""":""""2025-06-12T08:58:12.827Z"""",""""originalData"""":{""""chineseName"""":""""夏枯草"""",""""pricePerGram"""":0.032}}","active"
"楮实子","楮实子","楮shizi","楮shizi","TCM-SH-225","楮实子，中药材","其他中药","克",true,0.033,"{""""expandedBy"""":""""AI"""",""""expandedAt"""":""""2025-06-12T08:58:12.827Z"""",""""originalData"""":{""""chineseName"""":""""楮实子"""",""""pricePerGram"""":0.033}}","active"
"地肤子","地肤子","Di肤zi","di肤zi","TCM-DI-226","地肤子，中药材","其他中药","克",true,0.033,"{""""expandedBy"""":""""AI"""",""""expandedAt"""":""""2025-06-12T08:58:12.827Z"""",""""originalData"""":{""""chineseName"""":""""地肤子"""",""""pricePerGram"""":0.033}}","active"
"盐杜仲","盐杜仲","杜仲","杜仲","TCM-WS-227","盐杜仲，中药材","其他中药","克",true,0.033,"{""""expandedBy"""":""""AI"""",""""expandedAt"""":""""2025-06-12T08:58:12.827Z"""",""""originalData"""":{""""chineseName"""":""""盐杜仲"""",""""pricePerGram"""":0.033}}","active"
"杜仲炭","杜仲炭","杜仲炭","杜仲炭","TCM-SI-228","杜仲炭，中药材","其他中药","克",true,0.033,"{""""expandedBy"""":""""AI"""",""""expandedAt"""":""""2025-06-12T08:58:12.827Z"""",""""originalData"""":{""""chineseName"""":""""杜仲炭"""",""""pricePerGram"""":0.033}}","active"
"炮姜","炮姜","炮jiang","炮jiang","TCM-JI-229","炮姜，中药材","其他中药","克",true,0.033,"{""""expandedBy"""":""""AI"""",""""expandedAt"""":""""2025-06-12T08:58:12.827Z"""",""""originalData"""":{""""chineseName"""":""""炮姜"""",""""pricePerGram"""":0.033}}","active"
"菟丝子","菟丝子","菟zi","菟zi","TCM-ZI-230","菟丝子，中药材","其他中药","克",true,0.034,"{""""expandedBy"""":""""AI"""",""""expandedAt"""":""""2025-06-12T08:58:12.827Z"""",""""originalData"""":{""""chineseName"""":""""菟丝子"""",""""pricePerGram"""":0.034}}","active"
"鹿衔草","鹿衔草","Lu衔cao","lu衔cao","TCM-LU-231","鹿衔草，中药材","其他中药","克",true,0.03478,"{""""expandedBy"""":""""AI"""",""""expandedAt"""":""""2025-06-12T08:58:12.827Z"""",""""originalData"""":{""""chineseName"""":""""鹿衔草"""",""""pricePerGram"""":0.03478}}","active"
"白芷圆片","白芷圆片","Bai芷yuan","bai芷yuan","TCM-BA-232","白芷圆片，中药材","其他中药","克",true,0.035,"{""""expandedBy"""":""""AI"""",""""expandedAt"""":""""2025-06-12T08:58:12.827Z"""",""""originalData"""":{""""chineseName"""":""""白芷圆片"""",""""pricePerGram"""":0.035}}","active"
"丹参粒","丹参粒","Danshen粒","danshen粒","TCM-DA-233","丹参粒，中药材","其他中药","克",true,0.035,"{""""expandedBy"""":""""AI"""",""""expandedAt"""":""""2025-06-12T08:58:12.827Z"""",""""originalData"""":{""""chineseName"""":""""丹参粒"""",""""pricePerGram"""":0.035}}","active"
"甘草","甘草","Glycyrrhiza uralensis","gancao","TCM-GA-234","补气健脾，适用于气虚证","补气药","克",true,0.035,"{""""expandedBy"""":""""AI"""",""""expandedAt"""":""""2025-06-12T08:58:12.827Z"""",""""originalData"""":{""""chineseName"""":""""甘草"""",""""pricePerGram"""":0.035}}","active"
"高良姜","高良姜","高良jiang","高良jiang","TCM-JI-235","高良姜，中药材","其他中药","克",true,0.035,"{""""expandedBy"""":""""AI"""",""""expandedAt"""":""""2025-06-12T08:58:12.827Z"""",""""originalData"""":{""""chineseName"""":""""高良姜"""",""""pricePerGram"""":0.035}}","active"
"红莲","红莲","Honglian","honglian","TCM-HO-236","红莲，中药材","其他中药","克",true,0.035,"{""""expandedBy"""":""""AI"""",""""expandedAt"""":""""2025-06-12T08:58:12.827Z"""",""""originalData"""":{""""chineseName"""":""""红莲"""",""""pricePerGram"""":0.035}}","active"
"生晒淮山","生晒淮山","Shai淮shan","shai淮shan","TCM-SH-237","生晒淮山，中药材","其他中药","克",true,0.035,"{""""expandedBy"""":""""AI"""",""""expandedAt"""":""""2025-06-12T08:58:12.827Z"""",""""originalData"""":{""""chineseName"""":""""生晒淮山"""",""""pricePerGram"""":0.035}}","active"
"牛蒡子","牛蒡子","Niu蒡zi","niu蒡zi","TCM-NI-238","牛蒡子，中药材","其他中药","克",true,0.035,"{""""expandedBy"""":""""AI"""",""""expandedAt"""":""""2025-06-12T08:58:12.827Z"""",""""originalData"""":{""""chineseName"""":""""牛蒡子"""",""""pricePerGram"""":0.035}}","active"
"桑椹子","桑椹子","桑椹zi","桑椹zi","TCM-ZI-239","桑椹子，中药材","其他中药","克",true,0.035,"{""""expandedBy"""":""""AI"""",""""expandedAt"""":""""2025-06-12T08:58:12.827Z"""",""""originalData"""":{""""chineseName"""":""""桑椹子"""",""""pricePerGram"""":0.035}}","active"
"石苇","石苇","Shi苇","shi苇","TCM-SH-240","石苇，中药材","其他中药","克",true,0.035,"{""""expandedBy"""":""""AI"""",""""expandedAt"""":""""2025-06-12T08:58:12.827Z"""",""""originalData"""":{""""chineseName"""":""""石苇"""",""""pricePerGram"""":0.035}}","active"
"天花粉","天花粉","天hua","天hua","TCM-HU-241","天花粉，中药材","其他中药","克",true,0.035,"{""""expandedBy"""":""""AI"""",""""expandedAt"""":""""2025-06-12T08:58:12.827Z"""",""""originalData"""":{""""chineseName"""":""""天花粉"""",""""pricePerGram"""":0.035}}","active"
"紫苏叶","紫苏叶","Zi苏ye","zi苏ye","TCM-ZI-242","紫苏叶，中药材","其他中药","克",true,0.035,"{""""expandedBy"""":""""AI"""",""""expandedAt"""":""""2025-06-12T08:58:12.827Z"""",""""originalData"""":{""""chineseName"""":""""紫苏叶"""",""""pricePerGram"""":0.035}}","active"
"车前子","车前子","车前zi","车前zi","TCM-ZI-243","车前子，中药材","其他中药","克",true,0.0355,"{""""expandedBy"""":""""AI"""",""""expandedAt"""":""""2025-06-12T08:58:12.827Z"""",""""originalData"""":{""""chineseName"""":""""车前子"""",""""pricePerGram"""":0.0355}}","active"
"白豆蔻","白豆蔻","Baidou蔻","baidou蔻","TCM-BA-244","白豆蔻，中药材","其他中药","克",true,0.036,"{""""expandedBy"""":""""AI"""",""""expandedAt"""":""""2025-06-12T08:58:12.827Z"""",""""originalData"""":{""""chineseName"""":""""白豆蔻"""",""""pricePerGram"""":0.036}}","active"
"板蓝根","板蓝根","Isatis indigotica","banlangen","TCM-BA-245","板蓝根，中药材","其他中药","克",true,0.036,"{""""expandedBy"""":""""AI"""",""""expandedAt"""":""""2025-06-12T08:58:12.827Z"""",""""originalData"""":{""""chineseName"""":""""板蓝根"""",""""pricePerGram"""":0.036}}","active"
"独活","独活","Angelica pubescens","duhuo","TCM-DU-246","独活，中药材","其他中药","克",true,0.036,"{""""expandedBy"""":""""AI"""",""""expandedAt"""":""""2025-06-12T08:58:12.827Z"""",""""originalData"""":{""""chineseName"""":""""独活"""",""""pricePerGram"""":0.036}}","active"
"茯苓粒","茯苓粒","Fuling粒","fuling粒","TCM-FU-247","茯苓粒，中药材","其他中药","克",true,0.036,"{""""expandedBy"""":""""AI"""",""""expandedAt"""":""""2025-06-12T08:58:12.827Z"""",""""originalData"""":{""""chineseName"""":""""茯苓粒"""",""""pricePerGram"""":0.036}}","active"
"枸杞子","枸杞子","Lycium barbarum","gouqizi","TCM-GO-248","枸杞子，中药材","其他中药","克",true,0.036,"{""""expandedBy"""":""""AI"""",""""expandedAt"""":""""2025-06-12T08:58:12.827Z"""",""""originalData"""":{""""chineseName"""":""""枸杞子"""",""""pricePerGram"""":0.036}}","active"
"墨旱莲","墨旱莲","墨旱lian","墨旱lian","TCM-LI-249","墨旱莲，中药材","其他中药","克",true,0.036,"{""""expandedBy"""":""""AI"""",""""expandedAt"""":""""2025-06-12T08:58:12.827Z"""",""""originalData"""":{""""chineseName"""":""""墨旱莲"""",""""pricePerGram"""":0.036}}","active"
"蛇床子","蛇床子","She床zi","she床zi","TCM-SH-250","蛇床子，中药材","其他中药","克",true,0.036,"{""""expandedBy"""":""""AI"""",""""expandedAt"""":""""2025-06-12T08:58:12.827Z"""",""""originalData"""":{""""chineseName"""":""""蛇床子"""",""""pricePerGram"""":0.036}}","active"
"川芎","川芎","Ligusticum chuanxiong","chuanxiong","TCM-CH-251","活血化瘀，适用于血瘀证","活血化瘀药","克",true,0.037,"{""""expandedBy"""":""""AI"""",""""expandedAt"""":""""2025-06-12T08:58:12.828Z"""",""""originalData"""":{""""chineseName"""":""""川芎"""",""""pricePerGram"""":0.037}}","active"
"桂圆","桂圆","桂yuan","桂yuan","TCM-YU-252","桂圆，中药材","其他中药","克",true,0.037,"{""""expandedBy"""":""""AI"""",""""expandedAt"""":""""2025-06-12T08:58:12.828Z"""",""""originalData"""":{""""chineseName"""":""""桂圆"""",""""pricePerGram"""":0.037}}","active"
"炙甘草","炙甘草","Glycyrrhiza uralensis","gancao","TCM-GA-253","炙甘草，中药材","其他中药","克",true,0.038,"{""""expandedBy"""":""""AI"""",""""expandedAt"""":""""2025-06-12T08:58:12.828Z"""",""""originalData"""":{""""chineseName"""":""""炙甘草"""",""""pricePerGram"""":0.038}}","active"
"黄芪","黄芪","Astragalus membranaceus","huangqi","TCM-HU-254","补气健脾，适用于气虚证","补气药","克",true,0.038,"{""""expandedBy"""":""""AI"""",""""expandedAt"""":""""2025-06-12T08:58:12.828Z"""",""""originalData"""":{""""chineseName"""":""""黄芪"""",""""pricePerGram"""":0.038}}","active"
"炮姜炭","炮姜炭","炮jiang炭","炮jiang炭","TCM-JI-255","炮姜炭，中药材","其他中药","克",true,0.038,"{""""expandedBy"""":""""AI"""",""""expandedAt"""":""""2025-06-12T08:58:12.828Z"""",""""originalData"""":{""""chineseName"""":""""炮姜炭"""",""""pricePerGram"""":0.038}}","active"
"土茯苓","土茯苓","Poria cocos","fuling","TCM-FU-256","土茯苓，中药材","其他中药","克",true,0.038,"{""""expandedBy"""":""""AI"""",""""expandedAt"""":""""2025-06-12T08:58:12.828Z"""",""""originalData"""":{""""chineseName"""":""""土茯苓"""",""""pricePerGram"""":0.038}}","active"
"乌药","乌药","Wuyao","wuyao","TCM-WU-257","乌药，中药材","其他中药","克",true,0.038,"{""""expandedBy"""":""""AI"""",""""expandedAt"""":""""2025-06-12T08:58:12.828Z"""",""""originalData"""":{""""chineseName"""":""""乌药"""",""""pricePerGram"""":0.038}}","active"
"益智仁","益智仁","Yi智ren","yi智ren","TCM-YI-258","益智仁，中药材","其他中药","克",true,0.038,"{""""expandedBy"""":""""AI"""",""""expandedAt"""":""""2025-06-12T08:58:12.828Z"""",""""originalData"""":{""""chineseName"""":""""益智仁"""",""""pricePerGram"""":0.038}}","active"
"千年健","千年健","千年健","千年健","TCM-VA-259","千年健，中药材","其他中药","克",true,0.039,"{""""expandedBy"""":""""AI"""",""""expandedAt"""":""""2025-06-12T08:58:12.828Z"""",""""originalData"""":{""""chineseName"""":""""千年健"""",""""pricePerGram"""":0.039}}","active"
"知母","知母","Anemarrhena asphodeloides","zhimu","TCM-ZH-260","知母，中药材","其他中药","克",true,0.039,"{""""expandedBy"""":""""AI"""",""""expandedAt"""":""""2025-06-12T08:58:12.828Z"""",""""originalData"""":{""""chineseName"""":""""知母"""",""""pricePerGram"""":0.039}}","active"
"八角","八角","Ba角","ba角","TCM-BA-261","八角，中药材","其他中药","克",true,0.0395,"{""""expandedBy"""":""""AI"""",""""expandedAt"""":""""2025-06-12T08:58:12.828Z"""",""""originalData"""":{""""chineseName"""":""""八角"""",""""pricePerGram"""":0.0395}}","active"
"莪术","莪术","莪zhu","莪zhu","TCM-ZH-262","莪术，中药材","其他中药","克",true,0.0395,"{""""expandedBy"""":""""AI"""",""""expandedAt"""":""""2025-06-12T08:58:12.828Z"""",""""originalData"""":{""""chineseName"""":""""莪术"""",""""pricePerGram"""":0.0395}}","active"
"肉桂","肉桂","Cinnamomum cassia","rougui","TCM-RO-263","肉桂，中药材","其他中药","克",true,0.0395,"{""""expandedBy"""":""""AI"""",""""expandedAt"""":""""2025-06-12T08:58:12.828Z"""",""""originalData"""":{""""chineseName"""":""""肉桂"""",""""pricePerGram"""":0.0395}}","active"
"生地大片","生地大片","Di","di","TCM-DI-264","生地大片，中药材","其他中药","克",true,0.03999,"{""""expandedBy"""":""""AI"""",""""expandedAt"""":""""2025-06-12T08:58:12.828Z"""",""""originalData"""":{""""chineseName"""":""""生地大片"""",""""pricePerGram"""":0.03999}}","active"
"生地小片","生地小片","Di","di","TCM-DI-265","生地小片，中药材","其他中药","克",true,0.03999,"{""""expandedBy"""":""""AI"""",""""expandedAt"""":""""2025-06-12T08:58:12.828Z"""",""""originalData"""":{""""chineseName"""":""""生地小片"""",""""pricePerGram"""":0.03999}}","active"
"茺蔚子","茺蔚子","茺蔚zi","茺蔚zi","TCM-ZI-266","茺蔚子，中药材","其他中药","克",true,0.04,"{""""expandedBy"""":""""AI"""",""""expandedAt"""":""""2025-06-12T08:58:12.828Z"""",""""originalData"""":{""""chineseName"""":""""茺蔚子"""",""""pricePerGram"""":0.04}}","active"
"川续断","川续断","Chuan续断","chuan续断","TCM-CH-267","川续断，中药材","其他中药","克",true,0.04,"{""""expandedBy"""":""""AI"""",""""expandedAt"""":""""2025-06-12T08:58:12.828Z"""",""""originalData"""":{""""chineseName"""":""""川续断"""",""""pricePerGram"""":0.04}}","active"
"鹅不吃草","鹅不吃草","鹅不吃cao","鹅不吃cao","TCM-CA-268","鹅不吃草，中药材","其他中药","克",true,0.04,"{""""expandedBy"""":""""AI"""",""""expandedAt"""":""""2025-06-12T08:58:12.828Z"""",""""originalData"""":{""""chineseName"""":""""鹅不吃草"""",""""pricePerGram"""":0.04}}","active"
"鹿含草","鹿含草","Lu含cao","lu含cao","TCM-LU-269","鹿含草，中药材","其他中药","克",true,0.04,"{""""expandedBy"""":""""AI"""",""""expandedAt"""":""""2025-06-12T08:58:12.828Z"""",""""originalData"""":{""""chineseName"""":""""鹿含草"""",""""pricePerGram"""":0.04}}","active"
"辛夷","辛夷","辛夷","辛夷","TCM-ZL-270","辛夷，中药材","其他中药","克",true,0.04174,"{""""expandedBy"""":""""AI"""",""""expandedAt"""":""""2025-06-12T08:58:12.828Z"""",""""originalData"""":{""""chineseName"""":""""辛夷"""",""""pricePerGram"""":0.04174}}","active"
"骨碎补","骨碎补","骨碎补","骨碎补","TCM-UA-271","骨碎补，中药材","其他中药","克",true,0.042,"{""""expandedBy"""":""""AI"""",""""expandedAt"""":""""2025-06-12T08:58:12.828Z"""",""""originalData"""":{""""chineseName"""":""""骨碎补"""",""""pricePerGram"""":0.042}}","active"
"山栀子","山栀子","Shan栀zi","shan栀zi","TCM-SH-272","山栀子，中药材","其他中药","克",true,0.042,"{""""expandedBy"""":""""AI"""",""""expandedAt"""":""""2025-06-12T08:58:12.828Z"""",""""originalData"""":{""""chineseName"""":""""山栀子"""",""""pricePerGram"""":0.042}}","active"
"焦栀子","焦栀子","焦栀zi","焦栀zi","TCM-ZI-273","焦栀子，中药材","其他中药","克",true,0.042,"{""""expandedBy"""":""""AI"""",""""expandedAt"""":""""2025-06-12T08:58:12.828Z"""",""""originalData"""":{""""chineseName"""":""""焦栀子"""",""""pricePerGram"""":0.042}}","active"
"徐长卿","徐长卿","徐卿","徐卿","TCM-YZ-274","徐长卿，中药材","其他中药","克",true,0.042,"{""""expandedBy"""":""""AI"""",""""expandedAt"""":""""2025-06-12T08:58:12.828Z"""",""""originalData"""":{""""chineseName"""":""""徐长卿"""",""""pricePerGram"""":0.042}}","active"
"山药","山药","Dioscorea opposita","shanyao","TCM-SH-275","山药，中药材","其他中药","克",true,0.043,"{""""expandedBy"""":""""AI"""",""""expandedAt"""":""""2025-06-12T08:58:12.828Z"""",""""originalData"""":{""""chineseName"""":""""山药"""",""""pricePerGram"""":0.043}}","active"
"生地小片","生地小片","Di","di","TCM-DI-276","生地小片，中药材","其他中药","克",true,0.043,"{""""expandedBy"""":""""AI"""",""""expandedAt"""":""""2025-06-12T08:58:12.828Z"""",""""originalData"""":{""""chineseName"""":""""生地小片"""",""""pricePerGram"""":0.043}}","active"
"熟地小片","熟地小片","Di","di","TCM-DI-277","熟地小片，中药材","其他中药","克",true,0.043,"{""""expandedBy"""":""""AI"""",""""expandedAt"""":""""2025-06-12T08:58:12.828Z"""",""""originalData"""":{""""chineseName"""":""""熟地小片"""",""""pricePerGram"""":0.043}}","active"
"大蓟","大蓟","蓟","蓟","TCM-VH-278","大蓟，中药材","其他中药","克",true,0.044,"{""""expandedBy"""":""""AI"""",""""expandedAt"""":""""2025-06-12T08:58:12.828Z"""",""""originalData"""":{""""chineseName"""":""""大蓟"""",""""pricePerGram"""":0.044}}","active"
"天冬","天冬","Asparagus cochinchinensis","tiandong","TCM-TI-279","天冬，中药材","其他中药","克",true,0.044,"{""""expandedBy"""":""""AI"""",""""expandedAt"""":""""2025-06-12T08:58:12.828Z"""",""""originalData"""":{""""chineseName"""":""""天冬"""",""""pricePerGram"""":0.044}}","active"
"五倍子","五倍子","Chinese gallnut","wubeizi","TCM-WU-280","五倍子，中药材","其他中药","克",true,0.044,"{""""expandedBy"""":""""AI"""",""""expandedAt"""":""""2025-06-12T08:58:12.828Z"""",""""originalData"""":{""""chineseName"""":""""五倍子"""",""""pricePerGram"""":0.044}}","active"
"瓜蒌仁","瓜蒌仁","瓜蒌ren","瓜蒌ren","TCM-RE-281","瓜蒌仁，中药材","其他中药","克",true,0.045,"{""""expandedBy"""":""""AI"""",""""expandedAt"""":""""2025-06-12T08:58:12.828Z"""",""""originalData"""":{""""chineseName"""":""""瓜蒌仁"""",""""pricePerGram"""":0.045}}","active"
"炙黄芪","炙黄芪","Astragalus membranaceus","huangqi","TCM-HU-282","炙黄芪，中药材","其他中药","克",true,0.045,"{""""expandedBy"""":""""AI"""",""""expandedAt"""":""""2025-06-12T08:58:12.828Z"""",""""originalData"""":{""""chineseName"""":""""炙黄芪"""",""""pricePerGram"""":0.045}}","active"
"金樱子","金樱子","Jin樱zi","jin樱zi","TCM-JI-283","金樱子，中药材","其他中药","克",true,0.045,"{""""expandedBy"""":""""AI"""",""""expandedAt"""":""""2025-06-12T08:58:12.828Z"""",""""originalData"""":{""""chineseName"""":""""金樱子"""",""""pricePerGram"""":0.045}}","active"
"没药","没药","Commiphora myrrha","moyao","TCM-MO-284","没药，中药材","其他中药","克",true,0.045,"{""""expandedBy"""":""""AI"""",""""expandedAt"""":""""2025-06-12T08:58:12.828Z"""",""""originalData"""":{""""chineseName"""":""""没药"""",""""pricePerGram"""":0.045}}","active"
"射干","射干","射gan","射gan","TCM-GA-285","射干，中药材","其他中药","克",true,0.045,"{""""expandedBy"""":""""AI"""",""""expandedAt"""":""""2025-06-12T08:58:12.828Z"""",""""originalData"""":{""""chineseName"""":""""射干"""",""""pricePerGram"""":0.045}}","active"
"炙首乌","炙首乌","Shouwu","shouwu","TCM-SH-286","炙首乌，中药材","其他中药","克",true,0.045,"{""""expandedBy"""":""""AI"""",""""expandedAt"""":""""2025-06-12T08:58:12.828Z"""",""""originalData"""":{""""chineseName"""":""""炙首乌"""",""""pricePerGram"""":0.045}}","active"
"吴茱萸","吴茱萸","Wuzhuyu","wuzhuyu","TCM-WU-287","吴茱萸，中药材","其他中药","克",true,0.045,"{""""expandedBy"""":""""AI"""",""""expandedAt"""":""""2025-06-12T08:58:12.828Z"""",""""originalData"""":{""""chineseName"""":""""吴茱萸"""",""""pricePerGram"""":0.045}}","active"
"郁金","郁金","郁jin","郁jin","TCM-JI-288","郁金，中药材","其他中药","克",true,0.045,"{""""expandedBy"""":""""AI"""",""""expandedAt"""":""""2025-06-12T08:58:12.828Z"""",""""originalData"""":{""""chineseName"""":""""郁金"""",""""pricePerGram"""":0.045}}","active"
"石菖蒲","石菖蒲","Shi菖蒲","shi菖蒲","TCM-SH-289","石菖蒲，中药材","其他中药","克",true,0.046,"{""""expandedBy"""":""""AI"""",""""expandedAt"""":""""2025-06-12T08:58:12.828Z"""",""""originalData"""":{""""chineseName"""":""""石菖蒲"""",""""pricePerGram"""":0.046}}","active"
"枸杞子","枸杞子","Lycium barbarum","gouqizi","TCM-GO-290","枸杞子，中药材","其他中药","克",true,0.047,"{""""expandedBy"""":""""AI"""",""""expandedAt"""":""""2025-06-12T08:58:12.828Z"""",""""originalData"""":{""""chineseName"""":""""枸杞子"""",""""pricePerGram"""":0.047}}","active"
"川牛膝","川牛膝","Chuanniuxi","chuanniuxi","TCM-CH-291","川牛膝，中药材","其他中药","克",true,0.048,"{""""expandedBy"""":""""AI"""",""""expandedAt"""":""""2025-06-12T08:58:12.828Z"""",""""originalData"""":{""""chineseName"""":""""川牛膝"""",""""pricePerGram"""":0.048}}","active"
"紫丹参","紫丹参","Zidanshen","zidanshen","TCM-ZI-292","紫丹参，中药材","其他中药","克",true,0.048,"{""""expandedBy"""":""""AI"""",""""expandedAt"""":""""2025-06-12T08:58:12.828Z"""",""""originalData"""":{""""chineseName"""":""""紫丹参"""",""""pricePerGram"""":0.048}}","active"
"杭菊花","杭菊花","杭菊hua","杭菊hua","TCM-HU-293","杭菊花，中药材","其他中药","克",true,0.048,"{""""expandedBy"""":""""AI"""",""""expandedAt"""":""""2025-06-12T08:58:12.828Z"""",""""originalData"""":{""""chineseName"""":""""杭菊花"""",""""pricePerGram"""":0.048}}","active"
"黄芪","黄芪","Astragalus membranaceus","huangqi","TCM-HU-294","补气健脾，适用于气虚证","补气药","克",true,0.048,"{""""expandedBy"""":""""AI"""",""""expandedAt"""":""""2025-06-12T08:58:12.828Z"""",""""originalData"""":{""""chineseName"""":""""黄芪"""",""""pricePerGram"""":0.048}}","active"
"秦艽","秦艽","Gentiana macrophylla","qinjiao","TCM-QI-295","秦艽，中药材","其他中药","克",true,0.048,"{""""expandedBy"""":""""AI"""",""""expandedAt"""":""""2025-06-12T08:58:12.828Z"""",""""originalData"""":{""""chineseName"""":""""秦艽"""",""""pricePerGram"""":0.048}}","active"
"桑白皮","桑白皮","Morus alba","sangbaipi","TCM-SA-296","桑白皮，中药材","其他中药","克",true,0.048,"{""""expandedBy"""":""""AI"""",""""expandedAt"""":""""2025-06-12T08:58:12.828Z"""",""""originalData"""":{""""chineseName"""":""""桑白皮"""",""""pricePerGram"""":0.048}}","active"
"蜜桑白皮","蜜桑白皮","Morus alba","sangbaipi","TCM-SA-297","蜜桑白皮，中药材","其他中药","克",true,0.048,"{""""expandedBy"""":""""AI"""",""""expandedAt"""":""""2025-06-12T08:58:12.828Z"""",""""originalData"""":{""""chineseName"""":""""蜜桑白皮"""",""""pricePerGram"""":0.048}}","active"
"薤白","薤白","薤bai","薤bai","TCM-BA-298","薤白，中药材","其他中药","克",true,0.048,"{""""expandedBy"""":""""AI"""",""""expandedAt"""":""""2025-06-12T08:58:12.828Z"""",""""originalData"""":{""""chineseName"""":""""薤白"""",""""pricePerGram"""":0.048}}","active"
"辛荑花","辛荑花","辛荑hua","辛荑hua","TCM-HU-299","辛荑花，中药材","其他中药","克",true,0.048,"{""""expandedBy"""":""""AI"""",""""expandedAt"""":""""2025-06-12T08:58:12.828Z"""",""""originalData"""":{""""chineseName"""":""""辛荑花"""",""""pricePerGram"""":0.048}}","active"
"淫羊藿","淫羊藿","淫yang藿","淫yang藿","TCM-YA-300","淫羊藿，中药材","其他中药","克",true,0.048,"{""""expandedBy"""":""""AI"""",""""expandedAt"""":""""2025-06-12T08:58:12.828Z"""",""""originalData"""":{""""chineseName"""":""""淫羊藿"""",""""pricePerGram"""":0.048}}","active"
"桔梗","桔梗","Platycodon grandiflorum","jiegeng","TCM-JI-301","桔梗，中药材","其他中药","克",true,0.0488,"{""""expandedBy"""":""""AI"""",""""expandedAt"""":""""2025-06-12T08:58:12.828Z"""",""""originalData"""":{""""chineseName"""":""""桔梗"""",""""pricePerGram"""":0.0488}}","active"
"五味子","五味子","Schisandra chinensis","wuweizi","TCM-WU-302","五味子，中药材","其他中药","克",true,0.049,"{""""expandedBy"""":""""AI"""",""""expandedAt"""":""""2025-06-12T08:58:12.828Z"""",""""originalData"""":{""""chineseName"""":""""五味子"""",""""pricePerGram"""":0.049}}","active"
"筚茇","筚茇","筚茇","筚茇","TCM-OD-303","筚茇，中药材","其他中药","克",true,0.05,"{""""expandedBy"""":""""AI"""",""""expandedAt"""":""""2025-06-12T08:58:12.828Z"""",""""originalData"""":{""""chineseName"""":""""筚茇"""",""""pricePerGram"""":0.05}}","active"
"大黄","大黄","Huang","huang","TCM-HU-304","大黄，中药材","其他中药","克",true,0.05,"{""""expandedBy"""":""""AI"""",""""expandedAt"""":""""2025-06-12T08:58:12.828Z"""",""""originalData"""":{""""chineseName"""":""""大黄"""",""""pricePerGram"""":0.05}}","active"
"杜仲","杜仲","杜仲","杜仲","TCM-SI-305","杜仲，中药材","其他中药","克",true,0.05,"{""""expandedBy"""":""""AI"""",""""expandedAt"""":""""2025-06-12T08:58:12.828Z"""",""""originalData"""":{""""chineseName"""":""""杜仲"""",""""pricePerGram"""":0.05}}","active"
"佛手","佛手","Buddha hand","foshou","TCM-FO-306","佛手，中药材","其他中药","克",true,0.05,"{""""expandedBy"""":""""AI"""",""""expandedAt"""":""""2025-06-12T08:58:12.828Z"""",""""originalData"""":{""""chineseName"""":""""佛手"""",""""pricePerGram"""":0.05}}","active"
"怀牛膝","怀牛膝","怀niuxi","怀niuxi","TCM-NI-307","怀牛膝，中药材","其他中药","克",true,0.05,"{""""expandedBy"""":""""AI"""",""""expandedAt"""":""""2025-06-12T08:58:12.828Z"""",""""originalData"""":{""""chineseName"""":""""怀牛膝"""",""""pricePerGram"""":0.05}}","active"
"绞股蓝","绞股蓝","绞股蓝","绞股蓝","TCM-EN-308","绞股蓝，中药材","其他中药","克",true,0.05,"{""""expandedBy"""":""""AI"""",""""expandedAt"""":""""2025-06-12T08:58:12.828Z"""",""""originalData"""":{""""chineseName"""":""""绞股蓝"""",""""pricePerGram"""":0.05}}","active"
"腊梅花","腊梅花","腊梅hua","腊梅hua","TCM-HU-309","腊梅花，中药材","其他中药","克",true,0.05,"{""""expandedBy"""":""""AI"""",""""expandedAt"""":""""2025-06-12T08:58:12.828Z"""",""""originalData"""":{""""chineseName"""":""""腊梅花"""",""""pricePerGram"""":0.05}}","active"
"乳香","乳香","Boswellia carterii","ruxiang","TCM-RU-310","乳香，中药材","其他中药","克",true,0.05,"{""""expandedBy"""":""""AI"""",""""expandedAt"""":""""2025-06-12T08:58:12.828Z"""",""""originalData"""":{""""chineseName"""":""""乳香"""",""""pricePerGram"""":0.05}}","active"
"砂仁","砂仁","砂ren","砂ren","TCM-RE-311","砂仁，中药材","其他中药","克",true,0.05,"{""""expandedBy"""":""""AI"""",""""expandedAt"""":""""2025-06-12T08:58:12.828Z"""",""""originalData"""":{""""chineseName"""":""""砂仁"""",""""pricePerGram"""":0.05}}","active"
"五指毛桃","五指毛桃","Ficus hirta","wuzhimoutao","TCM-WU-312","五指毛桃，中药材","其他中药","克",true,0.05,"{""""expandedBy"""":""""AI"""",""""expandedAt"""":""""2025-06-12T08:58:12.828Z"""",""""originalData"""":{""""chineseName"""":""""五指毛桃"""",""""pricePerGram"""":0.05}}","active"
"百合","百合","Lilium brownii","baihe","TCM-BA-313","百合，中药材","其他中药","克",true,0.051,"{""""expandedBy"""":""""AI"""",""""expandedAt"""":""""2025-06-12T08:58:12.828Z"""",""""originalData"""":{""""chineseName"""":""""百合"""",""""pricePerGram"""":0.051}}","active"
"紫草茸","紫草茸","Zicaorong","zicaorong","TCM-ZI-314","紫草茸，中药材","其他中药","克",true,0.052,"{""""expandedBy"""":""""AI"""",""""expandedAt"""":""""2025-06-12T08:58:12.828Z"""",""""originalData"""":{""""chineseName"""":""""紫草茸"""",""""pricePerGram"""":0.052}}","active"
"金果榄","金果榄","Jinguo榄","jinguo榄","TCM-JI-315","金果榄，中药材","其他中药","克",true,0.0525,"{""""expandedBy"""":""""AI"""",""""expandedAt"""":""""2025-06-12T08:58:12.828Z"""",""""originalData"""":{""""chineseName"""":""""金果榄"""",""""pricePerGram"""":0.0525}}","active"
"茯苓卷","茯苓卷","Fuling卷","fuling卷","TCM-FU-316","茯苓卷，中药材","其他中药","克",true,0.053,"{""""expandedBy"""":""""AI"""",""""expandedAt"""":""""2025-06-12T08:58:12.828Z"""",""""originalData"""":{""""chineseName"""":""""茯苓卷"""",""""pricePerGram"""":0.053}}","active"
"无花果","无花果","无huaguo","无huaguo","TCM-HU-317","无花果，中药材","其他中药","克",true,0.053,"{""""expandedBy"""":""""AI"""",""""expandedAt"""":""""2025-06-12T08:58:12.828Z"""",""""originalData"""":{""""chineseName"""":""""无花果"""",""""pricePerGram"""":0.053}}","active"
"茯神","茯神","Fu神","fu神","TCM-FU-318","茯神，中药材","其他中药","克",true,0.054,"{""""expandedBy"""":""""AI"""",""""expandedAt"""":""""2025-06-12T08:58:12.828Z"""",""""originalData"""":{""""chineseName"""":""""茯神"""",""""pricePerGram"""":0.054}}","active"
"黄芪顶切","黄芪顶切","Huangqi顶切","huangqi顶切","TCM-HU-319","黄芪顶切，中药材","其他中药","克",true,0.054,"{""""expandedBy"""":""""AI"""",""""expandedAt"""":""""2025-06-12T08:58:12.828Z"""",""""originalData"""":{""""chineseName"""":""""黄芪顶切"""",""""pricePerGram"""":0.054}}","active"
"白前","白前","Bai前","bai前","TCM-BA-320","白前，中药材","其他中药","克",true,0.055,"{""""expandedBy"""":""""AI"""",""""expandedAt"""":""""2025-06-12T08:58:12.828Z"""",""""originalData"""":{""""chineseName"""":""""白前"""",""""pricePerGram"""":0.055}}","active"
"虫草花","虫草花","虫caohua","虫caohua","TCM-CA-321","虫草花，中药材","其他中药","克",true,0.055,"{""""expandedBy"""":""""AI"""",""""expandedAt"""":""""2025-06-12T08:58:12.828Z"""",""""originalData"""":{""""chineseName"""":""""虫草花"""",""""pricePerGram"""":0.055}}","active"
"丁香","丁香","Clove","dingxiang","TCM-DI-322","丁香，中药材","其他中药","克",true,0.055,"{""""expandedBy"""":""""AI"""",""""expandedAt"""":""""2025-06-12T08:58:12.828Z"""",""""originalData"""":{""""chineseName"""":""""丁香"""",""""pricePerGram"""":0.055}}","active"
"煅龙骨","煅龙骨","煅long骨","煅long骨","TCM-LO-323","煅龙骨，中药材","其他中药","克",true,0.055,"{""""expandedBy"""":""""AI"""",""""expandedAt"""":""""2025-06-12T08:58:12.828Z"""",""""originalData"""":{""""chineseName"""":""""煅龙骨"""",""""pricePerGram"""":0.055}}","active"
"牛大力","牛大力","Niu力","niu力","TCM-NI-324","牛大力，中药材","其他中药","克",true,0.055,"{""""expandedBy"""":""""AI"""",""""expandedAt"""":""""2025-06-12T08:58:12.828Z"""",""""originalData"""":{""""chineseName"""":""""牛大力"""",""""pricePerGram"""":0.055}}","active"
"千层纸","千层纸","千层纸","千层纸","TCM-VK-325","千层纸，中药材","其他中药","克",true,0.055,"{""""expandedBy"""":""""AI"""",""""expandedAt"""":""""2025-06-12T08:58:12.828Z"""",""""originalData"""":{""""chineseName"""":""""千层纸"""",""""pricePerGram"""":0.055}}","active"
"五加皮","五加皮","Acanthopanax gracilistylus","wujiapi","TCM-WU-326","五加皮，中药材","其他中药","克",true,0.055,"{""""expandedBy"""":""""AI"""",""""expandedAt"""":""""2025-06-12T08:58:12.828Z"""",""""originalData"""":{""""chineseName"""":""""五加皮"""",""""pricePerGram"""":0.055}}","active"
"仙茅","仙茅","Curculigo orchioides","xianmao","TCM-XI-327","仙茅，中药材","其他中药","克",true,0.055,"{""""expandedBy"""":""""AI"""",""""expandedAt"""":""""2025-06-12T08:58:12.828Z"""",""""originalData"""":{""""chineseName"""":""""仙茅"""",""""pricePerGram"""":0.055}}","active"
"野菊花","野菊花","Ye菊hua","ye菊hua","TCM-YE-328","野菊花，中药材","其他中药","克",true,0.055,"{""""expandedBy"""":""""AI"""",""""expandedAt"""":""""2025-06-12T08:58:12.828Z"""",""""originalData"""":{""""chineseName"""":""""野菊花"""",""""pricePerGram"""":0.055}}","active"
"皂角刺","皂角刺","皂角刺","皂角刺","TCM-WA-329","皂角刺，中药材","其他中药","克",true,0.055,"{""""expandedBy"""":""""AI"""",""""expandedAt"""":""""2025-06-12T08:58:12.828Z"""",""""originalData"""":{""""chineseName"""":""""皂角刺"""",""""pricePerGram"""":0.055}}","active"
"赤芍","赤芍","赤shao","赤shao","TCM-SH-330","赤芍，中药材","其他中药","克",true,0.0558,"{""""expandedBy"""":""""AI"""",""""expandedAt"""":""""2025-06-12T08:58:12.828Z"""",""""originalData"""":{""""chineseName"""":""""赤芍"""",""""pricePerGram"""":0.0558}}","active"
"百部","百部","百部","百部","TCM-SU-331","百部，中药材","其他中药","克",true,0.056,"{""""expandedBy"""":""""AI"""",""""expandedAt"""":""""2025-06-12T08:58:12.829Z"""",""""originalData"""":{""""chineseName"""":""""百部"""",""""pricePerGram"""":0.056}}","active"
"炙百部","炙百部","百部","百部","TCM-RS-332","炙百部，中药材","其他中药","克",true,0.056,"{""""expandedBy"""":""""AI"""",""""expandedAt"""":""""2025-06-12T08:58:12.829Z"""",""""originalData"""":{""""chineseName"""":""""炙百部"""",""""pricePerGram"""":0.056}}","active"
"防风","防风","Saposhnikovia divaricata","fangfeng","TCM-FA-333","防风，中药材","其他中药","克",true,0.056,"{""""expandedBy"""":""""AI"""",""""expandedAt"""":""""2025-06-12T08:58:12.829Z"""",""""originalData"""":{""""chineseName"""":""""防风"""",""""pricePerGram"""":0.056}}","active"
"炒防风","炒防风","Saposhnikovia divaricata","fangfeng","TCM-FA-334","炒防风，中药材","其他中药","克",true,0.056,"{""""expandedBy"""":""""AI"""",""""expandedAt"""":""""2025-06-12T08:58:12.829Z"""",""""originalData"""":{""""chineseName"""":""""炒防风"""",""""pricePerGram"""":0.056}}","active"
"桃胶","桃胶","Tao胶","tao胶","TCM-TA-335","桃胶，中药材","其他中药","克",true,0.056,"{""""expandedBy"""":""""AI"""",""""expandedAt"""":""""2025-06-12T08:58:12.829Z"""",""""originalData"""":{""""chineseName"""":""""桃胶"""",""""pricePerGram"""":0.056}}","active"
"鬼羽箭","鬼羽箭","鬼羽箭","鬼羽箭","TCM-MT-336","鬼羽箭，中药材","其他中药","克",true,0.058,"{""""expandedBy"""":""""AI"""",""""expandedAt"""":""""2025-06-12T08:58:12.829Z"""",""""originalData"""":{""""chineseName"""":""""鬼羽箭"""",""""pricePerGram"""":0.058}}","active"
"黄精","黄精","Huangjing","huangjing","TCM-HU-337","黄精，中药材","其他中药","克",true,0.058,"{""""expandedBy"""":""""AI"""",""""expandedAt"""":""""2025-06-12T08:58:12.829Z"""",""""originalData"""":{""""chineseName"""":""""黄精"""",""""pricePerGram"""":0.058}}","active"
"千斤拔","千斤拔","千斤拔","千斤拔","TCM-VU-338","千斤拔，中药材","其他中药","克",true,0.058,"{""""expandedBy"""":""""AI"""",""""expandedAt"""":""""2025-06-12T08:58:12.829Z"""",""""originalData"""":{""""chineseName"""":""""千斤拔"""",""""pricePerGram"""":0.058}}","active"
"全瓜蒌","全瓜蒌","全瓜蒌","全瓜蒌","TCM-OQ-339","全瓜蒌，中药材","其他中药","克",true,0.058,"{""""expandedBy"""":""""AI"""",""""expandedAt"""":""""2025-06-12T08:58:12.829Z"""",""""originalData"""":{""""chineseName"""":""""全瓜蒌"""",""""pricePerGram"""":0.058}}","active"
"柴胡","柴胡","Bupleurum chinense","chaihu","TCM-CH-340","柴胡，中药材","其他中药","克",true,0.0585,"{""""expandedBy"""":""""AI"""",""""expandedAt"""":""""2025-06-12T08:58:12.829Z"""",""""originalData"""":{""""chineseName"""":""""柴胡"""",""""pricePerGram"""":0.0585}}","active"
"黄芩","黄芩","Scutellaria baicalensis","huangqin","TCM-HU-341","黄芩，中药材","其他中药","克",true,0.059,"{""""expandedBy"""":""""AI"""",""""expandedAt"""":""""2025-06-12T08:58:12.829Z"""",""""originalData"""":{""""chineseName"""":""""黄芩"""",""""pricePerGram"""":0.059}}","active"
"黑灵芝片","黑灵芝片","Hei灵芝","hei灵芝","TCM-HE-342","黑灵芝片，中药材","其他中药","克",true,0.0598,"{""""expandedBy"""":""""AI"""",""""expandedAt"""":""""2025-06-12T08:58:12.829Z"""",""""originalData"""":{""""chineseName"""":""""黑灵芝片"""",""""pricePerGram"""":0.0598}}","active"
"桂圆","桂圆","桂yuan","桂yuan","TCM-YU-343","桂圆，中药材","其他中药","克",true,0.06,"{""""expandedBy"""":""""AI"""",""""expandedAt"""":""""2025-06-12T08:58:12.829Z"""",""""originalData"""":{""""chineseName"""":""""桂圆"""",""""pricePerGram"""":0.06}}","active"
"荆芥穗","荆芥穗","荆芥穗","荆芥穗","TCM-OJ-344","荆芥穗，中药材","其他中药","克",true,0.06,"{""""expandedBy"""":""""AI"""",""""expandedAt"""":""""2025-06-12T08:58:12.829Z"""",""""originalData"""":{""""chineseName"""":""""荆芥穗"""",""""pricePerGram"""":0.06}}","active"
"锁阳","锁阳","锁阳","锁阳","TCM-DX-345","锁阳，中药材","其他中药","克",true,0.06,"{""""expandedBy"""":""""AI"""",""""expandedAt"""":""""2025-06-12T08:58:12.829Z"""",""""originalData"""":{""""chineseName"""":""""锁阳"""",""""pricePerGram"""":0.06}}","active"
"桃仁","桃仁","Peach kernel","taoren","TCM-TA-346","桃仁，中药材","其他中药","克",true,0.06,"{""""expandedBy"""":""""AI"""",""""expandedAt"""":""""2025-06-12T08:58:12.829Z"""",""""originalData"""":{""""chineseName"""":""""桃仁"""",""""pricePerGram"""":0.06}}","active"
"旋覆花","旋覆花","旋覆hua","旋覆hua","TCM-HU-347","旋覆花，中药材","其他中药","克",true,0.06,"{""""expandedBy"""":""""AI"""",""""expandedAt"""":""""2025-06-12T08:58:12.829Z"""",""""originalData"""":{""""chineseName"""":""""旋覆花"""",""""pricePerGram"""":0.06}}","active"
"马勃","马勃","Ma勃","ma勃","TCM-MA-348","马勃，中药材","其他中药","克",true,0.06086,"{""""expandedBy"""":""""AI"""",""""expandedAt"""":""""2025-06-12T08:58:12.829Z"""",""""originalData"""":{""""chineseName"""":""""马勃"""",""""pricePerGram"""":0.06086}}","active"
"北沙参节","北沙参节","Bei沙shen节","bei沙shen节","TCM-BE-349","北沙参节，中药材","其他中药","克",true,0.062,"{""""expandedBy"""":""""AI"""",""""expandedAt"""":""""2025-06-12T08:58:12.829Z"""",""""originalData"""":{""""chineseName"""":""""北沙参节"""",""""pricePerGram"""":0.062}}","active"
"橘红","橘红","橘hong","橘hong","TCM-HO-350","橘红，中药材","其他中药","克",true,0.065,"{""""expandedBy"""":""""AI"""",""""expandedAt"""":""""2025-06-12T08:58:12.829Z"""",""""originalData"""":{""""chineseName"""":""""橘红"""",""""pricePerGram"""":0.065}}","active"
"莲子芯","莲子芯","Lianzi芯","lianzi芯","TCM-LI-351","莲子芯，中药材","其他中药","克",true,0.065,"{""""expandedBy"""":""""AI"""",""""expandedAt"""":""""2025-06-12T08:58:12.829Z"""",""""originalData"""":{""""chineseName"""":""""莲子芯"""",""""pricePerGram"""":0.065}}","active"
"前胡","前胡","前胡","前胡","TCM-JZ-352","前胡，中药材","其他中药","克",true,0.065,"{""""expandedBy"""":""""AI"""",""""expandedAt"""":""""2025-06-12T08:58:12.829Z"""",""""originalData"""":{""""chineseName"""":""""前胡"""",""""pricePerGram"""":0.065}}","active"
"徐长卿","徐长卿","徐卿","徐卿","TCM-YZ-353","徐长卿，中药材","其他中药","克",true,0.065,"{""""expandedBy"""":""""AI"""",""""expandedAt"""":""""2025-06-12T08:58:12.829Z"""",""""originalData"""":{""""chineseName"""":""""徐长卿"""",""""pricePerGram"""":0.065}}","active"
"玉竹","玉竹","玉竹","玉竹","TCM-PV-354","玉竹，中药材","其他中药","克",true,0.065,"{""""expandedBy"""":""""AI"""",""""expandedAt"""":""""2025-06-12T08:58:12.829Z"""",""""originalData"""":{""""chineseName"""":""""玉竹"""",""""pricePerGram"""":0.065}}","active"
"北沙参","北沙参","Bei沙shen","bei沙shen","TCM-BE-355","北沙参，中药材","其他中药","克",true,0.066,"{""""expandedBy"""":""""AI"""",""""expandedAt"""":""""2025-06-12T08:58:12.829Z"""",""""originalData"""":{""""chineseName"""":""""北沙参"""",""""pricePerGram"""":0.066}}","active"
"白芍小圆片","白芍小圆片","Baishaoxiaoyuan","baishaoxiaoyuan","TCM-BA-356","白芍小圆片，中药材","其他中药","克",true,0.068,"{""""expandedBy"""":""""AI"""",""""expandedAt"""":""""2025-06-12T08:58:12.829Z"""",""""originalData"""":{""""chineseName"""":""""白芍小圆片"""",""""pricePerGram"""":0.068}}","active"
"黄柏","黄柏","Huang柏","huang柏","TCM-HU-357","黄柏，中药材","其他中药","克",true,0.068,"{""""expandedBy"""":""""AI"""",""""expandedAt"""":""""2025-06-12T08:58:12.829Z"""",""""originalData"""":{""""chineseName"""":""""黄柏"""",""""pricePerGram"""":0.068}}","active"
"炒黄柏","炒黄柏","Huang柏","huang柏","TCM-HU-358","炒黄柏，中药材","其他中药","克",true,0.068,"{""""expandedBy"""":""""AI"""",""""expandedAt"""":""""2025-06-12T08:58:12.829Z"""",""""originalData"""":{""""chineseName"""":""""炒黄柏"""",""""pricePerGram"""":0.068}}","active"
"肉豆蔻","肉豆蔻","Nutmeg","roudoukou","TCM-RO-359","肉豆蔻，中药材","其他中药","克",true,0.068,"{""""expandedBy"""":""""AI"""",""""expandedAt"""":""""2025-06-12T08:58:12.829Z"""",""""originalData"""":{""""chineseName"""":""""肉豆蔻"""",""""pricePerGram"""":0.068}}","active"
"威灵仙","威灵仙","Clematis chinensis","weilingxian","TCM-WE-360","威灵仙，中药材","其他中药","克",true,0.068,"{""""expandedBy"""":""""AI"""",""""expandedAt"""":""""2025-06-12T08:58:12.829Z"""",""""originalData"""":{""""chineseName"""":""""威灵仙"""",""""pricePerGram"""":0.068}}","active"
"合欢花","合欢花","合欢hua","合欢hua","TCM-HU-361","合欢花，中药材","其他中药","克",true,0.07,"{""""expandedBy"""":""""AI"""",""""expandedAt"""":""""2025-06-12T08:58:12.829Z"""",""""originalData"""":{""""chineseName"""":""""合欢花"""",""""pricePerGram"""":0.07}}","active"
"山茱萸","山茱萸","Shan茱萸","shan茱萸","TCM-SH-362","山茱萸，中药材","其他中药","克",true,0.07,"{""""expandedBy"""":""""AI"""",""""expandedAt"""":""""2025-06-12T08:58:12.829Z"""",""""originalData"""":{""""chineseName"""":""""山茱萸"""",""""pricePerGram"""":0.07}}","active"
"桃花","桃花","Taohua","taohua","TCM-TA-363","桃花，中药材","其他中药","克",true,0.07,"{""""expandedBy"""":""""AI"""",""""expandedAt"""":""""2025-06-12T08:58:12.829Z"""",""""originalData"""":{""""chineseName"""":""""桃花"""",""""pricePerGram"""":0.07}}","active"
"南沙参","南沙参","Nan沙shen","nan沙shen","TCM-NA-364","南沙参，中药材","其他中药","克",true,0.07218,"{""""expandedBy"""":""""AI"""",""""expandedAt"""":""""2025-06-12T08:58:12.829Z"""",""""originalData"""":{""""chineseName"""":""""南沙参"""",""""pricePerGram"""":0.07218}}","active"
"巴戟天","巴戟天","Ba戟天","ba戟天","TCM-BA-365","巴戟天，中药材","其他中药","克",true,0.07392,"{""""expandedBy"""":""""AI"""",""""expandedAt"""":""""2025-06-12T08:58:12.829Z"""",""""originalData"""":{""""chineseName"""":""""巴戟天"""",""""pricePerGram"""":0.07392}}","active"
"白莲子","白莲子","Bailianzi","bailianzi","TCM-BA-366","白莲子，中药材","其他中药","克",true,0.075,"{""""expandedBy"""":""""AI"""",""""expandedAt"""":""""2025-06-12T08:58:12.829Z"""",""""originalData"""":{""""chineseName"""":""""白莲子"""",""""pricePerGram"""":0.075}}","active"
"苍术","苍术","Atractylodes lancea","cangzhu","TCM-CA-367","苍术，中药材","其他中药","克",true,0.075,"{""""expandedBy"""":""""AI"""",""""expandedAt"""":""""2025-06-12T08:58:12.829Z"""",""""originalData"""":{""""chineseName"""":""""苍术"""",""""pricePerGram"""":0.075}}","active"
"地骨皮","地骨皮","Lycium chinense","digupi","TCM-DI-368","地骨皮，中药材","其他中药","克",true,0.075,"{""""expandedBy"""":""""AI"""",""""expandedAt"""":""""2025-06-12T08:58:12.829Z"""",""""originalData"""":{""""chineseName"""":""""地骨皮"""",""""pricePerGram"""":0.075}}","active"
"藁本","藁本","藁本","藁本","TCM-ZW-369","藁本，中药材","其他中药","克",true,0.075,"{""""expandedBy"""":""""AI"""",""""expandedAt"""":""""2025-06-12T08:58:12.829Z"""",""""originalData"""":{""""chineseName"""":""""藁本"""",""""pricePerGram"""":0.075}}","active"
"琥珀粉","琥珀粉","Amber","hupo","TCM-HU-370","琥珀粉，中药材","其他中药","克",true,0.075,"{""""expandedBy"""":""""AI"""",""""expandedAt"""":""""2025-06-12T08:58:12.829Z"""",""""originalData"""":{""""chineseName"""":""""琥珀粉"""",""""pricePerGram"""":0.075}}","active"
"洛神花","洛神花","洛神hua","洛神hua","TCM-HU-371","洛神花，中药材","其他中药","克",true,0.075,"{""""expandedBy"""":""""AI"""",""""expandedAt"""":""""2025-06-12T08:58:12.829Z"""",""""originalData"""":{""""chineseName"""":""""洛神花"""",""""pricePerGram"""":0.075}}","active"
"月季花","月季花","月季hua","月季hua","TCM-HU-372","月季花，中药材","其他中药","克",true,0.075,"{""""expandedBy"""":""""AI"""",""""expandedAt"""":""""2025-06-12T08:58:12.829Z"""",""""originalData"""":{""""chineseName"""":""""月季花"""",""""pricePerGram"""":0.075}}","active"
"海螵蛸","海螵蛸","Hai螵蛸","hai螵蛸","TCM-HA-373","海螵蛸，中药材","其他中药","克",true,0.08,"{""""expandedBy"""":""""AI"""",""""expandedAt"""":""""2025-06-12T08:58:12.829Z"""",""""originalData"""":{""""chineseName"""":""""海螵蛸"""",""""pricePerGram"""":0.08}}","active"
"龙脷叶","龙脷叶","Long脷ye","long脷ye","TCM-LO-374","龙脷叶，中药材","其他中药","克",true,0.08,"{""""expandedBy"""":""""AI"""",""""expandedAt"""":""""2025-06-12T08:58:12.829Z"""",""""originalData"""":{""""chineseName"""":""""龙脷叶"""",""""pricePerGram"""":0.08}}","active"
"玫瑰花","玫瑰花","玫瑰hua","玫瑰hua","TCM-HU-375","玫瑰花，中药材","其他中药","克",true,0.08,"{""""expandedBy"""":""""AI"""",""""expandedAt"""":""""2025-06-12T08:58:12.829Z"""",""""originalData"""":{""""chineseName"""":""""玫瑰花"""",""""pricePerGram"""":0.08}}","active"
"郁李仁","郁李仁","郁李ren","郁李ren","TCM-RE-376","郁李仁，中药材","其他中药","克",true,0.08,"{""""expandedBy"""":""""AI"""",""""expandedAt"""":""""2025-06-12T08:58:12.829Z"""",""""originalData"""":{""""chineseName"""":""""郁李仁"""",""""pricePerGram"""":0.08}}","active"
"巴戟","巴戟","Ba戟","ba戟","TCM-BA-377","巴戟，中药材","其他中药","克",true,0.085,"{""""expandedBy"""":""""AI"""",""""expandedAt"""":""""2025-06-12T08:58:12.829Z"""",""""originalData"""":{""""chineseName"""":""""巴戟"""",""""pricePerGram"""":0.085}}","active"
"白芍大圆片","白芍大圆片","Baishaodayuan","baishaodayuan","TCM-BA-378","白芍大圆片，中药材","其他中药","克",true,0.085,"{""""expandedBy"""":""""AI"""",""""expandedAt"""":""""2025-06-12T08:58:12.829Z"""",""""originalData"""":{""""chineseName"""":""""白芍大圆片"""",""""pricePerGram"""":0.085}}","active"
"钩藤","钩藤","Uncaria rhynchophylla","gouteng","TCM-GO-379","钩藤，中药材","其他中药","克",true,0.087,"{""""expandedBy"""":""""AI"""",""""expandedAt"""":""""2025-06-12T08:58:12.829Z"""",""""originalData"""":{""""chineseName"""":""""钩藤"""",""""pricePerGram"""":0.087}}","active"
"太子参","太子参","太zishen","太zishen","TCM-ZI-380","太子参，中药材","其他中药","克",true,0.087,"{""""expandedBy"""":""""AI"""",""""expandedAt"""":""""2025-06-12T08:58:12.829Z"""",""""originalData"""":{""""chineseName"""":""""太子参"""",""""pricePerGram"""":0.087}}","active"
"龙牙百合","龙牙百合","Long牙百合","long牙百合","TCM-LO-381","龙牙百合，中药材","其他中药","克",true,0.088,"{""""expandedBy"""":""""AI"""",""""expandedAt"""":""""2025-06-12T08:58:12.829Z"""",""""originalData"""":{""""chineseName"""":""""龙牙百合"""",""""pricePerGram"""":0.088}}","active"
"炒白芍","炒白芍","Paeonia lactiflora","baishao","TCM-BA-382","炒白芍，中药材","其他中药","克",true,0.09,"{""""expandedBy"""":""""AI"""",""""expandedAt"""":""""2025-06-12T08:58:12.829Z"""",""""originalData"""":{""""chineseName"""":""""炒白芍"""",""""pricePerGram"""":0.09}}","active"
"葛花","葛花","葛hua","葛hua","TCM-HU-383","葛花，中药材","其他中药","克",true,0.09,"{""""expandedBy"""":""""AI"""",""""expandedAt"""":""""2025-06-12T08:58:12.829Z"""",""""originalData"""":{""""chineseName"""":""""葛花"""",""""pricePerGram"""":0.09}}","active"
"花椒","花椒","Hua椒","hua椒","TCM-HU-384","花椒，中药材","其他中药","克",true,0.09,"{""""expandedBy"""":""""AI"""",""""expandedAt"""":""""2025-06-12T08:58:12.829Z"""",""""originalData"""":{""""chineseName"""":""""花椒"""",""""pricePerGram"""":0.09}}","active"
"沙苑子","沙苑子","沙苑zi","沙苑zi","TCM-ZI-385","沙苑子，中药材","其他中药","克",true,0.09,"{""""expandedBy"""":""""AI"""",""""expandedAt"""":""""2025-06-12T08:58:12.829Z"""",""""originalData"""":{""""chineseName"""":""""沙苑子"""",""""pricePerGram"""":0.09}}","active"
"肉苁蓉","肉苁蓉","Rou苁蓉","rou苁蓉","TCM-RO-386","肉苁蓉，中药材","其他中药","克",true,0.0913,"{""""expandedBy"""":""""AI"""",""""expandedAt"""":""""2025-06-12T08:58:12.829Z"""",""""originalData"""":{""""chineseName"""":""""肉苁蓉"""",""""pricePerGram"""":0.0913}}","active"
"白蔹","白蔹","Bai蔹","bai蔹","TCM-BA-387","白蔹，中药材","其他中药","克",true,0.095,"{""""expandedBy"""":""""AI"""",""""expandedAt"""":""""2025-06-12T08:58:12.829Z"""",""""originalData"""":{""""chineseName"""":""""白蔹"""",""""pricePerGram"""":0.095}}","active"
"柏子仁","柏子仁","柏ziren","柏ziren","TCM-ZI-388","柏子仁，中药材","其他中药","克",true,0.095,"{""""expandedBy"""":""""AI"""",""""expandedAt"""":""""2025-06-12T08:58:12.829Z"""",""""originalData"""":{""""chineseName"""":""""柏子仁"""",""""pricePerGram"""":0.095}}","active"
"谷精草","谷精草","谷jingcao","谷jingcao","TCM-JI-389","谷精草，中药材","其他中药","克",true,0.095,"{""""expandedBy"""":""""AI"""",""""expandedAt"""":""""2025-06-12T08:58:12.829Z"""",""""originalData"""":{""""chineseName"""":""""谷精草"""",""""pricePerGram"""":0.095}}","active"
"酸枣仁","酸枣仁","Ziziphus jujuba","suanzaoren","TCM-SU-390","酸枣仁，中药材","其他中药","克",true,0.095,"{""""expandedBy"""":""""AI"""",""""expandedAt"""":""""2025-06-12T08:58:12.829Z"""",""""originalData"""":{""""chineseName"""":""""酸枣仁"""",""""pricePerGram"""":0.095}}","active"
"炒酸枣仁","炒酸枣仁","Ziziphus jujuba","suanzaoren","TCM-SU-391","炒酸枣仁，中药材","其他中药","克",true,0.095,"{""""expandedBy"""":""""AI"""",""""expandedAt"""":""""2025-06-12T08:58:12.829Z"""",""""originalData"""":{""""chineseName"""":""""炒酸枣仁"""",""""pricePerGram"""":0.095}}","active"
"清半夏","清半夏","清夏","清夏","TCM-HC-392","清半夏，中药材","其他中药","克",true,0.09566,"{""""expandedBy"""":""""AI"""",""""expandedAt"""":""""2025-06-12T08:58:12.829Z"""",""""originalData"""":{""""chineseName"""":""""清半夏"""",""""pricePerGram"""":0.09566}}","active"
"灯芯草","灯芯草","灯芯cao","灯芯cao","TCM-CA-393","灯芯草，中药材","其他中药","克",true,0.097,"{""""expandedBy"""":""""AI"""",""""expandedAt"""":""""2025-06-12T08:58:12.829Z"""",""""originalData"""":{""""chineseName"""":""""灯芯草"""",""""pricePerGram"""":0.097}}","active"
"蔓荆子","蔓荆子","蔓荆zi","蔓荆zi","TCM-ZI-394","蔓荆子，中药材","其他中药","克",true,0.098,"{""""expandedBy"""":""""AI"""",""""expandedAt"""":""""2025-06-12T08:58:12.829Z"""",""""originalData"""":{""""chineseName"""":""""蔓荆子"""",""""pricePerGram"""":0.098}}","active"
"巴戟肉","巴戟肉","Ba戟rou","ba戟rou","TCM-BA-395","巴戟肉，中药材","其他中药","克",true,0.1,"{""""expandedBy"""":""""AI"""",""""expandedAt"""":""""2025-06-12T08:58:12.829Z"""",""""originalData"""":{""""chineseName"""":""""巴戟肉"""",""""pricePerGram"""":0.1}}","active"
"升麻","升麻","升麻","升麻","TCM-ZX-396","升麻，中药材","其他中药","克",true,0.1,"{""""expandedBy"""":""""AI"""",""""expandedAt"""":""""2025-06-12T08:58:12.829Z"""",""""originalData"""":{""""chineseName"""":""""升麻"""",""""pricePerGram"""":0.1}}","active"
"蜜升麻","蜜升麻","升麻","升麻","TCM-IZ-397","蜜升麻，中药材","其他中药","克",true,0.1,"{""""expandedBy"""":""""AI"""",""""expandedAt"""":""""2025-06-12T08:58:12.829Z"""",""""originalData"""":{""""chineseName"""":""""蜜升麻"""",""""pricePerGram"""":0.1}}","active"
"连翘","连翘","Forsythia suspensa","lianqiao","TCM-LI-398","连翘，中药材","其他中药","克",true,0.103,"{""""expandedBy"""":""""AI"""",""""expandedAt"""":""""2025-06-12T08:58:12.829Z"""",""""originalData"""":{""""chineseName"""":""""连翘"""",""""pricePerGram"""":0.103}}","active"
"麦冬","麦冬","Ophiopogon japonicus","maidong","TCM-MA-399","麦冬，中药材","其他中药","克",true,0.105,"{""""expandedBy"""":""""AI"""",""""expandedAt"""":""""2025-06-12T08:58:12.829Z"""",""""originalData"""":{""""chineseName"""":""""麦冬"""",""""pricePerGram"""":0.105}}","active"
"牡丹皮","牡丹皮","Paeonia suffruticosa","mudanpi","TCM-MU-400","牡丹皮，中药材","其他中药","克",true,0.105,"{""""expandedBy"""":""""AI"""",""""expandedAt"""":""""2025-06-12T08:58:12.829Z"""",""""originalData"""":{""""chineseName"""":""""牡丹皮"""",""""pricePerGram"""":0.105}}","active"
"白薇","白薇","Bai薇","bai薇","TCM-BA-401","白薇，中药材","其他中药","克",true,0.108,"{""""expandedBy"""":""""AI"""",""""expandedAt"""":""""2025-06-12T08:58:12.830Z"""",""""originalData"""":{""""chineseName"""":""""白薇"""",""""pricePerGram"""":0.108}}","active"
"猪苓","猪苓","Zhuling","zhuling","TCM-ZH-402","猪苓，中药材","其他中药","克",true,0.109,"{""""expandedBy"""":""""AI"""",""""expandedAt"""":""""2025-06-12T08:58:12.830Z"""",""""originalData"""":{""""chineseName"""":""""猪苓"""",""""pricePerGram"""":0.109}}","active"
"扁豆衣","扁豆衣","Biandou衣","biandou衣","TCM-BI-403","扁豆衣，中药材","其他中药","克",true,0.11,"{""""expandedBy"""":""""AI"""",""""expandedAt"""":""""2025-06-12T08:58:12.830Z"""",""""originalData"""":{""""chineseName"""":""""扁豆衣"""",""""pricePerGram"""":0.11}}","active"
"冰片","冰片","冰","冰","TCM-IF-404","冰片，中药材","其他中药","克",true,0.11,"{""""expandedBy"""":""""AI"""",""""expandedAt"""":""""2025-06-12T08:58:12.830Z"""",""""originalData"""":{""""chineseName"""":""""冰片"""",""""pricePerGram"""":0.11}}","active"
"覆盆子","覆盆子","覆盆zi","覆盆zi","TCM-ZI-405","覆盆子，中药材","其他中药","克",true,0.11,"{""""expandedBy"""":""""AI"""",""""expandedAt"""":""""2025-06-12T08:58:12.830Z"""",""""originalData"""":{""""chineseName"""":""""覆盆子"""",""""pricePerGram"""":0.11}}","active"
"金银花","金银花","Lonicera japonica","jinyinhua","TCM-JI-406","金银花，中药材","其他中药","克",true,0.11,"{""""expandedBy"""":""""AI"""",""""expandedAt"""":""""2025-06-12T08:58:12.830Z"""",""""originalData"""":{""""chineseName"""":""""金银花"""",""""pricePerGram"""":0.11}}","active"
"紫菀","紫菀","Zi菀","zi菀","TCM-ZI-407","紫菀，中药材","其他中药","克",true,0.11,"{""""expandedBy"""":""""AI"""",""""expandedAt"""":""""2025-06-12T08:58:12.830Z"""",""""originalData"""":{""""chineseName"""":""""紫菀"""",""""pricePerGram"""":0.11}}","active"
"炙紫菀","炙紫菀","Zi菀","zi菀","TCM-ZI-408","炙紫菀，中药材","其他中药","克",true,0.11,"{""""expandedBy"""":""""AI"""",""""expandedAt"""":""""2025-06-12T08:58:12.830Z"""",""""originalData"""":{""""chineseName"""":""""炙紫菀"""",""""pricePerGram"""":0.11}}","active"
"白术统货","白术统货","Baizhu统货","baizhu统货","TCM-BA-409","白术统货，中药材","其他中药","克",true,0.115,"{""""expandedBy"""":""""AI"""",""""expandedAt"""":""""2025-06-12T08:58:12.830Z"""",""""originalData"""":{""""chineseName"""":""""白术统货"""",""""pricePerGram"""":0.115}}","active"
"浙贝母","浙贝母","浙贝mu","浙贝mu","TCM-MU-410","浙贝母，中药材","其他中药","克",true,0.118,"{""""expandedBy"""":""""AI"""",""""expandedAt"""":""""2025-06-12T08:58:12.830Z"""",""""originalData"""":{""""chineseName"""":""""浙贝母"""",""""pricePerGram"""":0.118}}","active"
"鳖甲","鳖甲","鳖甲","鳖甲","TCM-GY-411","鳖甲，中药材","其他中药","克",true,0.12,"{""""expandedBy"""":""""AI"""",""""expandedAt"""":""""2025-06-12T08:58:12.830Z"""",""""originalData"""":{""""chineseName"""":""""鳖甲"""",""""pricePerGram"""":0.12}}","active"
"麦冬特级","麦冬特级","Ophiopogon japonicus","maidong","TCM-MA-412","麦冬特级，中药材","其他中药","克",true,0.12,"{""""expandedBy"""":""""AI"""",""""expandedAt"""":""""2025-06-12T08:58:12.830Z"""",""""originalData"""":{""""chineseName"""":""""麦冬特级"""",""""pricePerGram"""":0.12}}","active"
"延胡索","延胡索","延胡索","延胡索","TCM-AZ-413","延胡索，中药材","其他中药","克",true,0.12,"{""""expandedBy"""":""""AI"""",""""expandedAt"""":""""2025-06-12T08:58:12.830Z"""",""""originalData"""":{""""chineseName"""":""""延胡索"""",""""pricePerGram"""":0.12}}","active"
"羌活","羌活","Notopterygium incisum","qianghuo","TCM-QI-414","羌活，中药材","其他中药","克",true,0.125,"{""""expandedBy"""":""""AI"""",""""expandedAt"""":""""2025-06-12T08:58:12.830Z"""",""""originalData"""":{""""chineseName"""":""""羌活"""",""""pricePerGram"""":0.125}}","active"
"红花","红花","Carthamus tinctorius","honghua","TCM-HO-415","红花，中药材","其他中药","克",true,0.126,"{""""expandedBy"""":""""AI"""",""""expandedAt"""":""""2025-06-12T08:58:12.830Z"""",""""originalData"""":{""""chineseName"""":""""红花"""",""""pricePerGram"""":0.126}}","active"
"法半夏","法半夏","法夏","法夏","TCM-PC-416","法半夏，中药材","其他中药","克",true,0.13,"{""""expandedBy"""":""""AI"""",""""expandedAt"""":""""2025-06-12T08:58:12.830Z"""",""""originalData"""":{""""chineseName"""":""""法半夏"""",""""pricePerGram"""":0.13}}","active"
"姜半夏","姜半夏","夏","夏","TCM-UC-417","姜半夏，中药材","其他中药","克",true,0.13,"{""""expandedBy"""":""""AI"""",""""expandedAt"""":""""2025-06-12T08:58:12.830Z"""",""""originalData"""":{""""chineseName"""":""""姜半夏"""",""""pricePerGram"""":0.13}}","active"
"贡菊花","贡菊花","贡菊hua","贡菊hua","TCM-HU-418","贡菊花，中药材","其他中药","克",true,0.13,"{""""expandedBy"""":""""AI"""",""""expandedAt"""":""""2025-06-12T08:58:12.830Z"""",""""originalData"""":{""""chineseName"""":""""贡菊花"""",""""pricePerGram"""":0.13}}","active"
"银柴胡","银柴胡","Yin柴胡","yin柴胡","TCM-YI-419","银柴胡，中药材","其他中药","克",true,0.13,"{""""expandedBy"""":""""AI"""",""""expandedAt"""":""""2025-06-12T08:58:12.830Z"""",""""originalData"""":{""""chineseName"""":""""银柴胡"""",""""pricePerGram"""":0.13}}","active"
"党参五级","党参五级","Dangshenwuji","dangshenwuji","TCM-DA-420","党参五级，中药材","其他中药","克",true,0.132,"{""""expandedBy"""":""""AI"""",""""expandedAt"""":""""2025-06-12T08:58:12.830Z"""",""""originalData"""":{""""chineseName"""":""""党参五级"""",""""pricePerGram"""":0.132}}","active"
"雪莲子","雪莲子","雪lianzi","雪lianzi","TCM-LI-421","雪莲子，中药材","其他中药","克",true,0.132,"{""""expandedBy"""":""""AI"""",""""expandedAt"""":""""2025-06-12T08:58:12.830Z"""",""""originalData"""":{""""chineseName"""":""""雪莲子"""",""""pricePerGram"""":0.132}}","active"
"白术特级","白术特级","Atractylodes macrocephala","baizhu","TCM-BA-422","白术特级，中药材","其他中药","克",true,0.138,"{""""expandedBy"""":""""AI"""",""""expandedAt"""":""""2025-06-12T08:58:12.830Z"""",""""originalData"""":{""""chineseName"""":""""白术特级"""",""""pricePerGram"""":0.138}}","active"
"海金沙","海金沙","Haijin沙","haijin沙","TCM-HA-423","海金沙，中药材","其他中药","克",true,0.138,"{""""expandedBy"""":""""AI"""",""""expandedAt"""":""""2025-06-12T08:58:12.830Z"""",""""originalData"""":{""""chineseName"""":""""海金沙"""",""""pricePerGram"""":0.138}}","active"
"胖大海","胖大海","胖hai","胖hai","TCM-HA-424","胖大海，中药材","其他中药","克",true,0.14,"{""""expandedBy"""":""""AI"""",""""expandedAt"""":""""2025-06-12T08:58:12.830Z"""",""""originalData"""":{""""chineseName"""":""""胖大海"""",""""pricePerGram"""":0.14}}","active"
"远志","远志","Polygala tenuifolia","yuanzhi","TCM-YU-425","远志，中药材","其他中药","克",true,0.148,"{""""expandedBy"""":""""AI"""",""""expandedAt"""":""""2025-06-12T08:58:12.830Z"""",""""originalData"""":{""""chineseName"""":""""远志"""",""""pricePerGram"""":0.148}}","active"
"白术特级","白术特级","Atractylodes macrocephala","baizhu","TCM-BA-426","白术特级，中药材","其他中药","克",true,0.15,"{""""expandedBy"""":""""AI"""",""""expandedAt"""":""""2025-06-12T08:58:12.830Z"""",""""originalData"""":{""""chineseName"""":""""白术特级"""",""""pricePerGram"""":0.15}}","active"
"炒白术","炒白术","Atractylodes macrocephala","baizhu","TCM-BA-427","炒白术，中药材","其他中药","克",true,0.15,"{""""expandedBy"""":""""AI"""",""""expandedAt"""":""""2025-06-12T08:58:12.830Z"""",""""originalData"""":{""""chineseName"""":""""炒白术"""",""""pricePerGram"""":0.15}}","active"
"当归全片","当归全片","Danggui全","danggui全","TCM-DA-428","当归全片，中药材","其他中药","克",true,0.15,"{""""expandedBy"""":""""AI"""",""""expandedAt"""":""""2025-06-12T08:58:12.830Z"""",""""originalData"""":{""""chineseName"""":""""当归全片"""",""""pricePerGram"""":0.15}}","active"
"田七片","田七片","田qi","田qi","TCM-QI-429","田七片，中药材","其他中药","克",true,0.15,"{""""expandedBy"""":""""AI"""",""""expandedAt"""":""""2025-06-12T08:58:12.830Z"""",""""originalData"""":{""""chineseName"""":""""田七片"""",""""pricePerGram"""":0.15}}","active"
"蕤仁","蕤仁","蕤ren","蕤ren","TCM-RE-430","蕤仁，中药材","其他中药","克",true,0.155,"{""""expandedBy"""":""""AI"""",""""expandedAt"""":""""2025-06-12T08:58:12.830Z"""",""""originalData"""":{""""chineseName"""":""""蕤仁"""",""""pricePerGram"""":0.155}}","active"
"北柴胡","北柴胡","Bei柴胡","bei柴胡","TCM-BE-431","北柴胡，中药材","其他中药","克",true,0.16,"{""""expandedBy"""":""""AI"""",""""expandedAt"""":""""2025-06-12T08:58:12.830Z"""",""""originalData"""":{""""chineseName"""":""""北柴胡"""",""""pricePerGram"""":0.16}}","active"
"三七粉","三七粉","Panax notoginseng powder","sanqifen","TCM-SA-432","三七粉，中药材","其他中药","克",true,0.16,"{""""expandedBy"""":""""AI"""",""""expandedAt"""":""""2025-06-12T08:58:12.830Z"""",""""originalData"""":{""""chineseName"""":""""三七粉"""",""""pricePerGram"""":0.16}}","active"
"细辛","细辛","辛","辛","TCM-GZ-433","细辛，中药材","其他中药","克",true,0.16,"{""""expandedBy"""":""""AI"""",""""expandedAt"""":""""2025-06-12T08:58:12.830Z"""",""""originalData"""":{""""chineseName"""":""""细辛"""",""""pricePerGram"""":0.16}}","active"
"炙远志","炙远志","Polygala tenuifolia","yuanzhi","TCM-YU-434","炙远志，中药材","其他中药","克",true,0.165,"{""""expandedBy"""":""""AI"""",""""expandedAt"""":""""2025-06-12T08:58:12.830Z"""",""""originalData"""":{""""chineseName"""":""""炙远志"""",""""pricePerGram"""":0.165}}","active"
"白鲜皮","白鲜皮","Bai鲜pi","bai鲜pi","TCM-BA-435","白鲜皮，中药材","其他中药","克",true,0.175,"{""""expandedBy"""":""""AI"""",""""expandedAt"""":""""2025-06-12T08:58:12.830Z"""",""""originalData"""":{""""chineseName"""":""""白鲜皮"""",""""pricePerGram"""":0.175}}","active"
"党参二级","党参二级","Codonopsis pilosula","dangshen","TCM-DA-436","党参二级，中药材","其他中药","克",true,0.18,"{""""expandedBy"""":""""AI"""",""""expandedAt"""":""""2025-06-12T08:58:12.830Z"""",""""originalData"""":{""""chineseName"""":""""党参二级"""",""""pricePerGram"""":0.18}}","active"
"川贝","川贝","Chuan贝","chuan贝","TCM-CH-437","川贝，中药材","其他中药","克",true,0.185,"{""""expandedBy"""":""""AI"""",""""expandedAt"""":""""2025-06-12T08:58:12.830Z"""",""""originalData"""":{""""chineseName"""":""""川贝"""",""""pricePerGram"""":0.185}}","active"
"龙胆草","龙胆草","Long胆cao","long胆cao","TCM-LO-438","龙胆草，中药材","其他中药","克",true,0.185,"{""""expandedBy"""":""""AI"""",""""expandedAt"""":""""2025-06-12T08:58:12.830Z"""",""""originalData"""":{""""chineseName"""":""""龙胆草"""",""""pricePerGram"""":0.185}}","active"
"红参须","红参须","Hongshen须","hongshen须","TCM-HO-439","红参须，中药材","其他中药","克",true,0.2,"{""""expandedBy"""":""""AI"""",""""expandedAt"""":""""2025-06-12T08:58:12.830Z"""",""""originalData"""":{""""chineseName"""":""""红参须"""",""""pricePerGram"""":0.2}}","active"
"金银花","金银花","Lonicera japonica","jinyinhua","TCM-JI-440","金银花，中药材","其他中药","克",true,0.2,"{""""expandedBy"""":""""AI"""",""""expandedAt"""":""""2025-06-12T08:58:12.830Z"""",""""originalData"""":{""""chineseName"""":""""金银花"""",""""pricePerGram"""":0.2}}","active"
"莲须","莲须","Lian须","lian须","TCM-LI-441","莲须，中药材","其他中药","克",true,0.2,"{""""expandedBy"""":""""AI"""",""""expandedAt"""":""""2025-06-12T08:58:12.830Z"""",""""originalData"""":{""""chineseName"""":""""莲须"""",""""pricePerGram"""":0.2}}","active"
"猫爪草","猫爪草","猫爪cao","猫爪cao","TCM-CA-442","猫爪草，中药材","其他中药","克",true,0.2,"{""""expandedBy"""":""""AI"""",""""expandedAt"""":""""2025-06-12T08:58:12.830Z"""",""""originalData"""":{""""chineseName"""":""""猫爪草"""",""""pricePerGram"""":0.2}}","active"
"天麻","天麻","Gastrodia elata","tianma","TCM-TI-443","天麻，中药材","其他中药","克",true,0.2,"{""""expandedBy"""":""""AI"""",""""expandedAt"""":""""2025-06-12T08:58:12.830Z"""",""""originalData"""":{""""chineseName"""":""""天麻"""",""""pricePerGram"""":0.2}}","active"
"通草","通草","通cao","通cao","TCM-CA-444","通草，中药材","其他中药","克",true,0.2,"{""""expandedBy"""":""""AI"""",""""expandedAt"""":""""2025-06-12T08:58:12.830Z"""",""""originalData"""":{""""chineseName"""":""""通草"""",""""pricePerGram"""":0.2}}","active"
"蝉蜕","蝉蜕","蝉蜕","蝉蜕","TCM-BB-445","蝉蜕，中药材","其他中药","克",true,0.22,"{""""expandedBy"""":""""AI"""",""""expandedAt"""":""""2025-06-12T08:58:12.830Z"""",""""originalData"""":{""""chineseName"""":""""蝉蜕"""",""""pricePerGram"""":0.22}}","active"
"黄连","黄连","Coptis chinensis","huanglian","TCM-HU-446","黄连，中药材","其他中药","克",true,0.22,"{""""expandedBy"""":""""AI"""",""""expandedAt"""":""""2025-06-12T08:58:12.830Z"""",""""originalData"""":{""""chineseName"""":""""黄连"""",""""pricePerGram"""":0.22}}","active"
"当归头片","当归头片","Danggui头","danggui头","TCM-DA-447","当归头片，中药材","其他中药","克",true,0.26,"{""""expandedBy"""":""""AI"""",""""expandedAt"""":""""2025-06-12T08:58:12.830Z"""",""""originalData"""":{""""chineseName"""":""""当归头片"""",""""pricePerGram"""":0.26}}","active"
"白参片","白参片","Baishen","baishen","TCM-BA-448","白参片，中药材","其他中药","克",true,0.3,"{""""expandedBy"""":""""AI"""",""""expandedAt"""":""""2025-06-12T08:58:12.830Z"""",""""originalData"""":{""""chineseName"""":""""白参片"""",""""pricePerGram"""":0.3}}","active"
"胡黄连","胡黄连","胡huang连","胡huang连","TCM-HU-449","胡黄连，中药材","其他中药","克",true,0.3,"{""""expandedBy"""":""""AI"""",""""expandedAt"""":""""2025-06-12T08:58:12.830Z"""",""""originalData"""":{""""chineseName"""":""""胡黄连"""",""""pricePerGram"""":0.3}}","active"
"红参片","红参片","Hongshen","hongshen","TCM-HO-450","红参片，中药材","其他中药","克",true,0.33,"{""""expandedBy"""":""""AI"""",""""expandedAt"""":""""2025-06-12T08:58:12.830Z"""",""""originalData"""":{""""chineseName"""":""""红参片"""",""""pricePerGram"""":0.33}}","active"